"study_id","p1","deme","finalgenotypecall","finalhrp23final","finalgenotypecalloriginal","deme_p1","Site_Name","SampleSheet_Edited__2__Barcode","Sample_Plate","site","Woreda","Place_Res","Age","Sex","Pregnancy","Symptom","Prev_Antimal","Antimalaria_Drug","Hist_Travel","Malaria_Spec","Parasite_Den","crt_76T","dhfr_51I","dhfr_59R","dhfr_108N","dhrps_437G","dhrps_540E","dhrps_581G","mdr1_N86","mdr1_184F","mdr1_D1246","k13_433D","k13_441L","k13_574L","k13622I","k13_622I","k13_658E","k13_675V","meancoi","mediancoi","sampleidhrp23"
"AFWO3432","AFWO3432","AFAR","hrp2-/hrp3-","hrp2-/hrp3-","hrp2-/hrp3-","AMIBARA","WORER H/CENTER","AFWO3432","Plate 21","AFAR","AMIBARA","worer",27,"male",NA,"yes","yes","pcm & Ibuprofin","no","pf",14320,1,1,0,1,1,1,0,1,1,1,0,0,0,"wildtype",0,0,0,1,1,"AFWO3432"
"AMAN030946","AMAN030946","AMHARA","hrp2-/hrp3-","hrp2-/hrp3-","hrp2-/hrp3-","BAHIR DAR ZURIA","ANDASA H/CENTER","aman030946","Plate 10","AMHARA","BAHIR DAR ZURIA","andasa",38,"female","no","yes","yes","Chloroquine","no","pf",NA,1,1,1,1,1,1,0,1,1,1,0,0,0,"wildtype",0,0,0,1,1,"AMAN030946"
"AMAN030989","AMAN030989","AMHARA","hrp2-/hrp3-","hrp2-/hrp3-","hrp2-/hrp3-","BAHIR DAR ZURIA","ANDASA H/CENTER","aman030989","Plate 10","AMHARA","BAHIR DAR ZURIA","andasa",50,"female",NA,"yes","yes","Chloroquine","no","pf",NA,1,1,1,1,1,1,0,1,1,1,0,0,0,"wildtype",0,0,0,1,1,"AMAN030989"
"AMAN030992","AMAN030992","AMHARA","hrp2-/hrp3-","hrp2-/hrp3-","hrp2-/hrp3-","BAHIR DAR ZURIA","ANDASA H/CENTER","aman030992","Plate 10","AMHARA","BAHIR DAR ZURIA","andasa",18,"female","no","yes","yes","Chloroquine","no","pf",NA,1,1,1,1,1,1,0,1,1,1,0,0,0,"wildtype",0,0,0,1,1,"AMAN030992"
"AMAN031004","AMAN031004","AMHARA","hrp2-/hrp3-","hrp2-/hrp3-","hrp2-/hrp3-","BAHIR DAR ZURIA","ANDASA H/CENTER","AMAN031004","Plate 10","AMHARA","BAHIR DAR ZURIA","andasa",60,"male",NA,"yes","yes","coartem","no","pf",NA,1,1,0,1,1,1,0,1,1,1,0,0,0,"wildtype",0,0,0,1,1,"AMAN031004"
"AMAN031011","AMAN031011","AMHARA","hrp2-/hrp3-","hrp2-/hrp3-","hrp2-/hrp3-","BAHIR DAR ZURIA","ANDASA H/CENTER","AMAN031011","Plate 10","AMHARA","BAHIR DAR ZURIA","andasa",15,"male",NA,"yes","no",NA,"no","pf",NA,1,1,0,1,1,1,0,1,1,1,0,0,0,"wildtype",0,0,0,1,1,"AMAN031011"
"AMAN031008","AMAN031008","AMHARA","hrp2-/hrp3-","hrp2-/hrp3-","hrp2-/hrp3-","BAHIR DAR ZURIA","ANDASA H/CENTER","AMAN031008","Plate 10","AMHARA","BAHIR DAR ZURIA","B/Mariam",32,"female","no","yes","yes","coartem","no","pf",NA,1,1,0,1,1,1,0,1,1,1,0,0,0,"wildtype",0,0,0,1,1,"AMAN031008"
"AMAN031005","AMAN031005","AMHARA","hrp2-/hrp3-","hrp2-/hrp3-","hrp2-/hrp3-","BAHIR DAR ZURIA","ANDASA H/CENTER","AMAN031005","Plate 10","AMHARA","BAHIR DAR ZURIA","gacha",32,"female","yes","yes","yes",NA,"no","pf",NA,1,1,0,1,1,1,0,1,1,1,0,0,0,"wildtype",0,0,0,1,1,"AMAN031005"
"AMAN030986","AMAN030986","AMHARA","hrp2-/hrp3-","hrp2-/hrp3-","hrp2-/hrp3-","BAHIR DAR ZURIA","ANDASA H/CENTER","aman030986","Plate 10","AMHARA","BAHIR DAR ZURIA","gochia",18,"male",NA,"yes","yes","coartem","no","pf",NA,1,1,1,1,1,1,0,1,1,1,0,0,0,"wildtype",0,0,0,1,1,"AMAN030986"
"AMAN030984","AMAN030984","AMHARA","hrp2-/hrp3-","hrp2-/hrp3-","hrp2-/hrp3-","BAHIR DAR ZURIA","ANDASA H/CENTER","aman030984","Plate 10","AMHARA","BAHIR DAR ZURIA","tigeza",15,"male",NA,"yes","yes",NA,"no","pf",NA,1,1,1,1,1,1,0,1,1,1,0,0,0,"wildtype",0,0,0,1,1,"AMAN030984"
"AMAN031010","AMAN031010","AMHARA","hrp2-/hrp3-","hrp2-/hrp3-","hrp2-/hrp3-","BAHIR DAR ZURIA","ANDASA H/CENTER","AMAN031010","Plate 10","AMHARA","BAHIR DAR ZURIA","tikurit",15,"male","no","yes","yes","Chloroquine","no","pf",NA,1,1,0,1,1,1,0,1,1,1,0,0,0,"wildtype",0,0,0,1,1,"AMAN031010"
"AMAN030991","AMAN030991","AMHARA","hrp2-/hrp3-","hrp2-/hrp3-","hrp2-/hrp3-","BAHIR DAR ZURIA","ANDASA H/CENTER","aman030991","Plate 10","AMHARA","BAHIR DAR ZURIA","tsebei",20,"male",NA,"yes","no",NA,"no","pf",NA,1,1,1,1,1,1,0,1,1,1,0,0,0,"wildtype",0,0,0,1,1,"AMAN030991"
"AMAN031016","AMAN031016","AMHARA","hrp2-/hrp3-","hrp2-/hrp3-","hrp2-/hrp3-","BAHIR DAR ZURIA","ANDASA H/CENTER","AMAN031016","Plate 10","AMHARA","BAHIR DAR ZURIA","tsebei",20,NA,NA,"yes","no",NA,"no","pf",NA,1,1,0,1,1,1,0,1,1,1,0,0,0,"wildtype",0,0,0,1,1,"AMAN031016"
"AMAN030943","AMAN030943","AMHARA","hrp2-/hrp3-","hrp2-/hrp3-","hrp2-/hrp3-","BAHIR DAR ZURIA","ANDASA H/CENTER","aman030943","Plate 10","AMHARA","BAHIR DAR ZURIA","yemushet",20,"male",NA,"yes","no",NA,"no","pf",NA,0.94807822,1,1,1,1,0.971006122,0,1,1,1,0,0,0,"wildtype",0,0,0,1,1,"AMAN030943"
"AMAN030944","AMAN030944","AMHARA","hrp2-/hrp3-","hrp2-/hrp3-","hrp2-/hrp3-","BAHIR DAR ZURIA","ANDASA H/CENTER","aman030944","Plate 10","AMHARA","BAHIR DAR ZURIA","yemushet",26,"female","no","yes","yes","coartem","no","pf",NA,1,1,1,1,1,1,0,1,1,1,0,0,0,"wildtype",0,0,0,1,1,"AMAN030944"
"AMAN030988","AMAN030988","AMHARA","hrp2-/hrp3-","hrp2-/hrp3-","hrp2-/hrp3-","BAHIR DAR ZURIA","ANDASA H/CENTER","aman030988","Plate 10","AMHARA","BAHIR DAR ZURIA","yemushet",20,"male",NA,"yes","no",NA,"no","pf",NA,1,1,1,1,1,1,0,1,1,1,0,0,0,"wildtype",0,0,0,1,1,"AMAN030988"
"AMAN030990","AMAN030990","AMHARA","hrp2-/hrp3-","hrp2-/hrp3-","hrp2-/hrp3-","BAHIR DAR ZURIA","ANDASA H/CENTER","aman030990","Plate 10","AMHARA","BAHIR DAR ZURIA","yemushet",21,"male",NA,"yes","yes",NA,"no","pf",NA,1,1,1,1,1,1,0,1,1,1,0,0,0,"wildtype",0,0,0,1,1,"AMAN030990"
"AMAN031007","AMAN031007","AMHARA","hrp2-/hrp3-","hrp2-/hrp3-","hrp2-/hrp3-","BAHIR DAR ZURIA","ANDASA H/CENTER","AMAN031007","Plate 10","AMHARA","BAHIR DAR ZURIA","yemushet",17,"female",NA,"yes","yes","Chloroquine","no","pf",NA,1,1,0,1,1,1,0,1,1,1,0,0,0,"wildtype",0,0,0,1,1,"AMAN031007"
"AMAN031009","AMAN031009","AMHARA","hrp2-/hrp3-","hrp2-/hrp3-","hrp2-/hrp3-","BAHIR DAR ZURIA","ANDASA H/CENTER","AMAN031009","Plate 10","AMHARA","BAHIR DAR ZURIA","yemushet",NA,NA,NA,"yes",NA,NA,NA,"pf",NA,1,1,0,1,1,1,0,1,1,1,0,0,0,"wildtype",0,0,0,1,1,"AMAN031009"
"AMAN031012","AMAN031012","AMHARA","hrp2-/hrp3-","hrp2-/hrp3-","hrp2-/hrp3-","BAHIR DAR ZURIA","ANDASA H/CENTER","AMAN031012","Plate 10","AMHARA","BAHIR DAR ZURIA","yemushet",18,"male",NA,"yes","yes","coartem","no","pf",NA,1,1,0,1,1,1,0,1,1,1,0,0,0,"wildtype",0,0,0,1,1,"AMAN031012"
"AMAN031014","AMAN031014","AMHARA","hrp2-/hrp3-","hrp2-/hrp3-","hrp2-/hrp3-","BAHIR DAR ZURIA","ANDASA H/CENTER","AMAN031014","Plate 10","AMHARA","BAHIR DAR ZURIA","yemushet",12,NA,NA,"yes","yes","Chloroquine","no","pf",NA,1,1,0,1,1,1,0,1,1,1,0,0,0,"wildtype",0,0,0,1,1,"AMAN031014"
"AMAN031015","AMAN031015","AMHARA","hrp2-/hrp3-","hrp2-/hrp3-","hrp2-/hrp3-","BAHIR DAR ZURIA","ANDASA H/CENTER","AMAN031015","Plate 10","AMHARA","BAHIR DAR ZURIA","yigama",15,"male",NA,"yes","no",NA,"no","pf",NA,1,1,0,1,1,1,0,1,1,1,0,0,0,"wildtype",0,0,0,1,1,"AMAN031015"
"AMJI031344","AMJI031344","AMHARA","hrp2-/hrp3-","hrp2-/hrp3-","hrp2-/hrp3-","JABIE","Jiga h/c","AMJI031344","Plate 21","AMHARA","JABIE","jiga 01",8,"female","no","yes","no",NA,"no","pf",760,0,1,0,1,1,1,0,1,1,1,0,0,0,"wildtype",0,0,0,1,1,"AMJI031344"
"AMJI031341","AMJI031341","AMHARA","hrp2-/hrp3-","hrp2-/hrp3-","hrp2-/hrp3-","JABIE","Jiga h/c","AMJI031341","Plate 21","AMHARA","JABIE","merder",7,"male",NA,"yes","yes","coartem","yes","pf",706,1,1,0,1,0,0,0,1,1,1,0,0,0,"wildtype",0,0,0,1,1,"AMJI031341"
"AMHA1702","AMHA1702","AMHARA","hrp2-/hrp3-","hrp2-/hrp3-","hrp2-/hrp3-","KALLU","HARBU H/CENTER","AMHA1702","Plate 21","AMHARA","KALLU","harbu",8,"female",NA,"yes","no",NA,"no","pf",12000,1,1,0,1,1,1,0,1,1,1,0,0,0,"wildtype",0,0,0,1,1,"AMHA1702"
"DILE6074","DILE6074","DIRE DAWA","hrp2-/hrp3-","hrp2-/hrp3-","hrp2-/hrp3-","DIRE DAWA","LEGEHARE H/CENTER","dile6074","Plate 14","DIRE DAWA","DIRE DAWA","dire dawa",20,"male",NA,"yes","no",NA,"no","pf",912,0.976040978,1,0,1,1,1,0,1,1,1,0,0,0,"wildtype",0,0,0,1,1,"DILE6074"
"SEBI1555","SEBI1555","S_ETHIOPIA","hrp2-/hrp3-","hrp2-/hrp3-","hrp2-/hrp3-","MERAB ABAYA","BIRBIRR H/CENTER","SEBI1555","Plate 11","S_ETHIOPIA","MERAB ABAYA","allege",48,"female","no","yes","no",NA,"yes","pf",NA,0.919184821,1,1,1,1,1,0,1,1,1,0,1,0,"wildtype",0,0,0,1,1,"SEBI1555"
"SEBI1541","SEBI1541","S_ETHIOPIA","hrp2-/hrp3-","hrp2-/hrp3-","hrp2-/hrp3-","MERAB ABAYA","BIRBIRR H/CENTER","SEBI1541","Plate 11","S_ETHIOPIA","MERAB ABAYA","birbir",12,"female","yes","yes","yes","coartem",NA,"pf",NA,1,1,1,1,1,1,0,1,1,1,0,0,0,"wildtype",0,0,0,1,1,"SEBI1541"
"SEBI1527","SEBI1527","S_ETHIOPIA","hrp2-/hrp3-","hrp2-/hrp3-","hrp2-/hrp3-","MERAB ABAYA","BIRBIRR H/CENTER","SEBI1527","Plate 11","S_ETHIOPIA","MERAB ABAYA","birbir",14,"male",NA,"yes","no",NA,"yes","pf",NA,1,1,1,1,1,1,0,1,1,1,0,0,0,"wildtype",0,0,0,1,1,"SEBI1527"
"SEBI1558","SEBI1558","S_ETHIOPIA","hrp2-/hrp3-","hrp2-/hrp3-","hrp2-/hrp3-","MERAB ABAYA","BIRBIRR H/CENTER","SEBI1558","Plate 11","S_ETHIOPIA","MERAB ABAYA","birbir",32,"male",NA,"yes","yes","Chlorrouine","yes","pf",NA,1,1,0.97794833,1,1,1,0,1,1,1,0,1,0,"wildtype",0,0,0,2,2,"SEBI1558"
"SEBI1540","SEBI1540","S_ETHIOPIA","hrp2-/hrp3-","hrp2-/hrp3-","hrp2-/hrp3-","MERAB ABAYA","BIRBIRR H/CENTER","SEBI1540","Plate 11","S_ETHIOPIA","MERAB ABAYA","delbo",17,"female","yes","yes","yes","coartem",NA,"pf",NA,1,1,1,1,1,1,0,1,1,1,0,0,0,"wildtype",0,0,0,1,1,"SEBI1540"
"SEBI1561","SEBI1561","S_ETHIOPIA","hrp2-/hrp3-","hrp2-/hrp3-","hrp2-/hrp3-","MERAB ABAYA","BIRBIRR H/CENTER","SEBI1561","Plate 11","S_ETHIOPIA","MERAB ABAYA","molle",8,"female",NA,"yes","no",NA,"no","pf",NA,0.954643629,0.069337742,0.977146747,1,1,1,0,1,1,1,0,0,0,"wildtype",0,0,0,1,1,"SEBI1561"
"AMHA1707","AMHA1707","AMHARA","hrp2-/hrp3+","hrp2-/hrp3+","hrp2-/hrp3+","KALLU","HARBU H/CENTER","AMHA1707","Plate 21","AMHARA","KALLU","harbu",42,"male",NA,"yes","no",NA,"no","pf",12200,0,1,1,1,1,1,0,1,1,1,0,0,0,"wildtype",0,0,0,1,1,"AMHA1707"
"AMWO031585","AMWO031585","AMHARA","hrp2-/hrp3+","hrp2-/hrp3+","hrp2-/hrp3+","WORETA","WORETA H/CENTER","AMWO031585","Plate 14","AMHARA","WORETA","shofa",46,"male",NA,"yes","no",NA,"no","pf",NA,0,1,1,1,1,1,0,1,1,1,0,0,0,"wildtype",0,0,0,1,1,"AMWO031585"
"AMWO031587","AMWO031587","AMHARA","hrp2-/hrp3+","hrp2-/hrp3+","hrp2-/hrp3+","WORETA","WORETA H/CENTER","AMWO031587","Plate 14","AMHARA","WORETA","woreta",47,"female","no","yes","no",NA,"no","pf",NA,0,1,1,1,1,1,0,1,0.978793419,1,0,0,0,"wildtype",0,0,0,1,1,"AMWO031587"
"GAAB2307","GAAB2307","GAMBELA",NA,NA,"hrp2-/Possible hrp3 deletion","ABOL","ABOL H/CENTER","GAAB2307","Plate 14","GAMBELA","ABOL","Abol",16,"male",NA,"yes","yes",NA,NA,"pf",NA,0,1,0,1,1,1,0,1,1,1,0,0,0,"wildtype",0,0,0,1,1,"GAAB2307"
"AMAN031013","AMAN031013","AMHARA",NA,NA,"hrp2-/Possible hrp3 deletion","BAHIR DAR ZURIA","ANDASA H/CENTER","AMAN031013","Plate 10","AMHARA","BAHIR DAR ZURIA","yemushet",32,"female","yes","yes","yes","coartem","no","pf",NA,1,1,0,1,1,1,0,1,1,1,0,0,0,"wildtype",0,0,0,1,1,"AMAN031013"
"SEBI1586","SEBI1586","S_ETHIOPIA",NA,NA,"hrp2-/Possible hrp3 deletion","MERAB ABAYA","BIRBIRR H/CENTER","SEBI1586","Plate 11","S_ETHIOPIA","MERAB ABAYA","allege",35,"female","no","yes","yes","coartem","yes","pf",NA,0,1,1,1,1,1,0,1,1,1,0,0,0,"wildtype",0,0,0,1,1,"SEBI1586"
"TGYE3690","TGYE3690","TIGRAY","hrp2+/hrp3-","hrp2+/hrp3-","hrp2+/hrp3-","ABERGELEYECHILA","YECHILA P/HOSPITAL","TGYE3690","Plate 14","TIGRAY","ABERGELEYECHILA","A_yechila",26,"male",NA,"yes","no",NA,"no","pf",NA,0,1,1,1,1,1,0,1,1,1,0,0,0,"wildtype",0,0,0,1,1,"TGYE3690"
"TGYE3705","TGYE3705","TIGRAY","hrp2+/hrp3-","hrp2+/hrp3-","hrp2+/hrp3-","ABERGELEYECHILA","YECHILA P/HOSPITAL","TGYE3705","Plate 14","TIGRAY","ABERGELEYECHILA","A_yechila",28,"female","no","yes","no",NA,NA,"pf",NA,0,1,0,1,1,1,0,1,1,1,0,0,0,"wildtype",0,0,0,1,1,"TGYE3705"
"TGYE3706","TGYE3706","TIGRAY","hrp2+/hrp3-","hrp2+/hrp3-","hrp2+/hrp3-","ABERGELEYECHILA","YECHILA P/HOSPITAL","TGYE3706","Plate 14","TIGRAY","ABERGELEYECHILA","A_yechila",1,"male",NA,"yes","no",NA,"no","pf",NA,0,1,0,1,1,1,0,1,1,1,0,0,0,"wildtype",0,0,0,1,1,"TGYE3706"
"TGYE3707","TGYE3707","TIGRAY","hrp2+/hrp3-","hrp2+/hrp3-","hrp2+/hrp3-","ABERGELEYECHILA","YECHILA P/HOSPITAL","TGYE3707","Plate 14","TIGRAY","ABERGELEYECHILA","mearey",5,"female",NA,"yes","no",NA,NA,"pf",NA,0,1,0,1,1,1,0,1,1,1,0,0,0,"wildtype",0,0,0,1,1,"TGYE3707"
"AFWO3433","AFWO3433","AFAR","hrp2+/hrp3-","hrp2+/hrp3-","hrp2+/hrp3-","AMIBARA","WORER H/CENTER","AFWO3433","Plate 21","AFAR","AMIBARA","sheleko",27,"female","no","yes","no",NA,"no","pf",18420,1,1,0,1,1,1,0,1,1,1,0,0,0,"wildtype",0,0,0,1,1,"AFWO3433"
"AFWO3427","AFWO3427","AFAR","hrp2+/hrp3-","hrp2+/hrp3-","hrp2+/hrp3-","AMIBARA","WORER H/CENTER","AFWO3427","Plate 21","AFAR","AMIBARA","worer",28,"male",NA,"yes","no",NA,"no","pf",14340,1,1,0,1,1,1,0,1,1,1,0,0,0,"wildtype",0,0,0,1,1,"AFWO3427"
"AFWO3428","AFWO3428","AFAR","hrp2+/hrp3-","hrp2+/hrp3-","hrp2+/hrp3-","AMIBARA","WORER H/CENTER","AFWO3428","Plate 21","AFAR","AMIBARA","worer",20,"female","no","yes","no",NA,"no","pf",14340,1,1,0,1,1,1,0,1,1,1,0,0,0,"wildtype",0,0,0,1,1,"AFWO3428"
"AFWO3429","AFWO3429","AFAR","hrp2+/hrp3-","hrp2+/hrp3-","hrp2+/hrp3-","AMIBARA","WORER H/CENTER","AFWO3429","Plate 21","AFAR","AMIBARA","worer",27,"male",NA,"yes","no",NA,"no","pf",14320,1,1,0,1,1,1,0,1,1,1,0,0,0,"wildtype",0,0,0,1,1,"AFWO3429"
"AFWO3430","AFWO3430","AFAR","hrp2+/hrp3-","hrp2+/hrp3-","hrp2+/hrp3-","AMIBARA","WORER H/CENTER","AFWO3430","Plate 21","AFAR","AMIBARA","worer",36,"male",NA,"yes","no",NA,"no","pf",13430,1,1,0,1,1,1,0,1,1,1,0,0,0,"wildtype",0,0,0,1,1,"AFWO3430"
"AFWO3431","AFWO3431","AFAR","hrp2+/hrp3-","hrp2+/hrp3-","hrp2+/hrp3-","AMIBARA","WORER H/CENTER","AFWO3431","Plate 21","AFAR","AMIBARA","worer",32,"male",NA,"yes","no",NA,"no","pf",14320,1,1,1,1,1,1,0,1,1,1,0,0,0,"wildtype",0,0,0,1,1,"AFWO3431"
"AFWO3438","AFWO3438","AFAR","hrp2+/hrp3-","hrp2+/hrp3-","hrp2+/hrp3-","AMIBARA","WORER H/CENTER","AFWO3438","Plate 21","AFAR","AMIBARA","worer",30,"female","no","yes","no",NA,"no","pf",14340,1,1,0,1,1,1,0,1,1,1,0,0,0,"wildtype",0,0,0,1,1,"AFWO3438"
"AMAN030933","AMAN030933","AMHARA","hrp2+/hrp3-","hrp2+/hrp3-","hrp2+/hrp3-","BAHIR DAR ZURIA","ANDASA H/CENTER","aman030933","Plate 10","AMHARA","BAHIR DAR ZURIA","andasa",21,"female","no","yes","no",NA,"no","pf",NA,1,1,0,1,1,1,0,1,1,1,0,0,0,"wildtype",0,0,0,2,2,"AMAN030933"
"AMAN030948","AMAN030948","AMHARA","hrp2+/hrp3-","hrp2+/hrp3-","hrp2+/hrp3-","BAHIR DAR ZURIA","ANDASA H/CENTER","aman030948","Plate 10","AMHARA","BAHIR DAR ZURIA","andasa",12,"female",NA,"yes","yes","Chloroquine","no","pf",NA,1,1,1,1,1,1,0,1,1,1,0,0,0,"wildtype",0,0,0,1,1,"AMAN030948"
"AMAN030950","AMAN030950","AMHARA","hrp2+/hrp3-","hrp2+/hrp3-","hrp2+/hrp3-","BAHIR DAR ZURIA","ANDASA H/CENTER","aman030950","Plate 10","AMHARA","BAHIR DAR ZURIA","andasa",25,"female","yes","yes","no",NA,"no","pf",NA,1,1,1,1,1,1,0,1,1,1,0,0,0,"wildtype",0,0,0,1,1,"AMAN030950"
"AMAN030971","AMAN030971","AMHARA","hrp2+/hrp3-","hrp2+/hrp3-","hrp2+/hrp3-","BAHIR DAR ZURIA","ANDASA H/CENTER","aman030971","Plate 10","AMHARA","BAHIR DAR ZURIA","andasa",60,"female","no","yes","yes","coartem","no","pf",NA,0.841992501,0.978668204,0.027169213,1,1,0.85669587,0,1,1,1,0,0,0,"wildtype",0,0,0,2,2,"AMAN030971"
"AMAN030975","AMAN030975","AMHARA","hrp2+/hrp3-","hrp2+/hrp3-","hrp2+/hrp3-","BAHIR DAR ZURIA","ANDASA H/CENTER","aman030975","Plate 10","AMHARA","BAHIR DAR ZURIA","andasa",24,"male",NA,"yes","no",NA,"no","pf",NA,1,1,0,1,1,1,0,1,1,1,0,0,0,"wildtype",0,0,0,1,1,"AMAN030975"
"AMAN030980","AMAN030980","AMHARA","hrp2+/hrp3-","hrp2+/hrp3-","hrp2+/hrp3-","BAHIR DAR ZURIA","ANDASA H/CENTER","aman030980","Plate 10","AMHARA","BAHIR DAR ZURIA","andasa",14,"female","no","yes","yes","coartem","no","pf",NA,1,1,0,1,1,1,0,1,1,1,0,0,0,"wildtype",0,0,0,1,1,"AMAN030980"
"AMAN030983","AMAN030983","AMHARA","hrp2+/hrp3-","hrp2+/hrp3-","hrp2+/hrp3-","BAHIR DAR ZURIA","ANDASA H/CENTER","aman030983","Plate 10","AMHARA","BAHIR DAR ZURIA","andasa",38,"male",NA,"yes","yes","Quartem","no","pf",NA,1,1,0.039554088,1,1,1,0,1,1,1,0,0,0,"wildtype",0,0,0,1,1,"AMAN030983"
"AMAN030978","AMAN030978","AMHARA","hrp2+/hrp3-","hrp2+/hrp3-","hrp2+/hrp3-","BAHIR DAR ZURIA","ANDASA H/CENTER","aman030978","Plate 10","AMHARA","BAHIR DAR ZURIA","geuochia",55,"female","no","yes","yes","coartem","no","pf",NA,1,1,0,1,1,1,0,1,1,1,0,0,0,"wildtype",0,0,0,1,1,"AMAN030978"
"AMAN030949","AMAN030949","AMHARA","hrp2+/hrp3-","hrp2+/hrp3-","hrp2+/hrp3-","BAHIR DAR ZURIA","ANDASA H/CENTER","aman030949","Plate 10","AMHARA","BAHIR DAR ZURIA","tigeza",35,"male",NA,"yes","yes","coartem","no","pf",NA,1,1,1,1,1,1,0,1,1,1,0,0,0,"wildtype",0,0,0,1,1,"AMAN030949"
"AMAN030951","AMAN030951","AMHARA","hrp2+/hrp3-","hrp2+/hrp3-","hrp2+/hrp3-","BAHIR DAR ZURIA","ANDASA H/CENTER","aman030951","Plate 10","AMHARA","BAHIR DAR ZURIA","tikurit",50,"female","no","yes","yes","Chloroquine","no","pf",NA,1,1,1,1,1,1,0,1,1,1,0,0,0,"wildtype",0,0,0,1,1,"AMAN030951"
"AMAN030979","AMAN030979","AMHARA","hrp2+/hrp3-","hrp2+/hrp3-","hrp2+/hrp3-","BAHIR DAR ZURIA","ANDASA H/CENTER","aman030979","Plate 10","AMHARA","BAHIR DAR ZURIA","tikurit",21,"female","yes","yes","yes","coartem","no","pf",NA,1,1,0,1,1,1,NA,NA,1,NA,0,0,0,"wildtype",0,0,0,1,1,"AMAN030979"
"AMAN030952","AMAN030952","AMHARA","hrp2+/hrp3-","hrp2+/hrp3-","hrp2+/hrp3-","BAHIR DAR ZURIA","ANDASA H/CENTER","aman030952","Plate 10","AMHARA","BAHIR DAR ZURIA","yemushet",25,"female","no","yes","yes","coartem","no","pf",NA,1,1,1,1,1,1,0,1,1,1,0,0,0,"wildtype",0,0,0,1,1,"AMAN030952"
"AMAN030973","AMAN030973","AMHARA","hrp2+/hrp3-","hrp2+/hrp3-","hrp2+/hrp3-","BAHIR DAR ZURIA","ANDASA H/CENTER","aman030973","Plate 10","AMHARA","BAHIR DAR ZURIA","yemushet",18,"female","no","yes","yes","coartem","no","pf",NA,1,1,0,1,1,1,0,1,1,1,0,0,0,"wildtype",0,0,0,1,1,"AMAN030973"
"SNDI071887","SNDI071887","S_ETHIOPIA","hrp2+/hrp3-","hrp2+/hrp3-","hrp2+/hrp3-","DILLA","DILLA H/CENTER","SNDI071887","Plate 14","S_ETHIOPIA","DILLA","Dilla",30,"female","no","yes","no",NA,"no","pf",NA,1,1,0,1,1,1,1,1,1,1,0,0,0,"wildtype",0,0,0,1,1,"SNDI071887"
"SNDI071898","SNDI071898","S_ETHIOPIA","hrp2+/hrp3-","hrp2+/hrp3-","hrp2+/hrp3-","DILLA","DILLA H/CENTER","SNDI071898","Plate 14","S_ETHIOPIA","DILLA","Dilla",40,"male",NA,"yes","no",NA,"no","pf",NA,1,1,1,1,1,1,0,1,1,1,0,0,0,"wildtype",0,0,0,1,1,"SNDI071898"
"SNDI071903","SNDI071903","S_ETHIOPIA","hrp2+/hrp3-","hrp2+/hrp3-","hrp2+/hrp3-","DILLA","DILLA H/CENTER","SNDI071903","Plate 14","S_ETHIOPIA","DILLA","Dilla",17,"male",NA,"yes","no",NA,"no","pf",NA,1,1,0,1,1,1,0,1,1,1,0,0,0,"wildtype",0,0,0,2,2,"SNDI071903"
"SNDI071910","SNDI071910","S_ETHIOPIA","hrp2+/hrp3-","hrp2+/hrp3-","hrp2+/hrp3-","DILLA","DILLA H/CENTER","SNDI071910","Plate 14","S_ETHIOPIA","DILLA","Dilla",30,"female","no","yes","yes",NA,"no","pf",NA,1,1,1,1,1,1,0,1,1,1,0,0,0,"wildtype",0,0,0,1,1,"SNDI071910"
"DILE6084","DILE6084","DIRE DAWA","hrp2+/hrp3-","hrp2+/hrp3-","hrp2+/hrp3-","DIRE DAWA","LEGEHARE H/CENTER","dile6084","Plate 14","DIRE DAWA","DIRE DAWA","dire dawa",24,"male",NA,"yes","no",NA,"no","pf",1300,1,1,1,1,1,1,0,1,1,1,0,0,0,"wildtype",0,0,0,1,1,"DILE6084"
"DILE6091","DILE6091","DIRE DAWA","hrp2+/hrp3-","hrp2+/hrp3-","hrp2+/hrp3-","DIRE DAWA","LEGEHARE H/CENTER","dile6091","Plate 14","DIRE DAWA","DIRE DAWA","dire dawa",20,"male",NA,"yes","no",NA,"no","pf",800,1,1,1,1,1,1,0,1,1,1,0,0,0,"wildtype",0,0,0,1,1,"DILE6091"
"DILE6093","DILE6093","DIRE DAWA","hrp2+/hrp3-","hrp2+/hrp3-","hrp2+/hrp3-","DIRE DAWA","LEGEHARE H/CENTER","dile6093","Plate 14","DIRE DAWA","DIRE DAWA","dire dawa",21,"female","yes","yes","no",NA,"no","pf",729,0,1,0,1,1,0.974561513,0,1,0.022522523,1,0,0,0,"wildtype",0,0,0,1,1,"DILE6093"
"DILE6095","DILE6095","DIRE DAWA","hrp2+/hrp3-","hrp2+/hrp3-","hrp2+/hrp3-","DIRE DAWA","LEGEHARE H/CENTER","dile6095","Plate 14","DIRE DAWA","DIRE DAWA","dire dawa",26,"female","no","yes","no",NA,"no","pf",2123,1,1,0.672715054,1,1,1,0,1,1,1,0,0,0,"wildtype",0,0,0,2,2,"DILE6095"
"DILE6071","DILE6071","DIRE DAWA","hrp2+/hrp3-","hrp2+/hrp3-","hrp2+/hrp3-","DIRE DAWA","LEGEHARE H/CENTER","dile6071","Plate 14","DIRE DAWA","DIRE DAWA","dire dawa",20,"female","no","yes","yes",NA,"no","pf",700,1,1,1,1,1,1,0,1,1,1,0,0,0,"wildtype",0,0,0,1,1,"DILE6071"
"DILE6072","DILE6072","DIRE DAWA","hrp2+/hrp3-","hrp2+/hrp3-","hrp2+/hrp3-","DIRE DAWA","LEGEHARE H/CENTER","dile6072","Plate 14","DIRE DAWA","DIRE DAWA","dire dawa",18,"female",NA,"yes","no",NA,"no","pf",1800,1,1,1,1,1,1,0,1,1,1,0,0,0,"wildtype",0,0,0,1,1,"DILE6072"
"AMJI031342","AMJI031342","AMHARA","hrp2+/hrp3-","hrp2+/hrp3-","hrp2+/hrp3-","JABIE","Jiga h/c","AMJI031342","Plate 21","AMHARA","JABIE","jiga 02",12,"female","no","yes","yes",NA,"no","pf",1420,1,1,1,1,1,1,0,1,1,1,0,0,0,"wildtype",0,0,0,1,1,"AMJI031342"
"AMJI031337","AMJI031337","AMHARA","hrp2+/hrp3-","hrp2+/hrp3-","hrp2+/hrp3-","JABIE","Jiga h/c","AMJI031337","Plate 21","AMHARA","JABIE","yelmder",11,"female","no","yes","no",NA,"no","pf",1219,1,1,1,1,1,1,0,1,1,1,0,0,0,"wildtype",0,0,0,1,1,"AMJI031337"
"AMHA1706","AMHA1706","AMHARA","hrp2+/hrp3-","hrp2+/hrp3-","hrp2+/hrp3-","KALLU","HARBU H/CENTER","AMHA1706","Plate 21","AMHARA","KALLU","harbu",20,"female","yes","yes","no",NA,"no","pf",8000,1,1,0,1,0,0,0,1,1,1,0,0,0,"wildtype",0,0,0,1,1,"AMHA1706"
"AMHA4853","AMHA4853","AMHARA","hrp2+/hrp3-","hrp2+/hrp3-","hrp2+/hrp3-","KALLU","HARBU H/CENTER","AMHA4853","Plate 21","AMHARA","KALLU","harbu",14,"male",NA,"yes","no",NA,"no","pf",6000,1,1,0,1,0,0,0,1,1,1,0,0,0,"wildtype",0,0,0,1,1,"AMHA4853"
"AMHA4857","AMHA4857","AMHARA","hrp2+/hrp3-","hrp2+/hrp3-","hrp2+/hrp3-","KALLU","HARBU H/CENTER","AMHA4857","Plate 21","AMHARA","KALLU","harbu",16,"male",NA,"yes","no",NA,"no","pf",14000,1,1,0,1,1,1,0,1,1,1,0,0,0,"wildtype",0,0,0,1,1,"AMHA4857"
"SEBI1504","SEBI1504","S_ETHIOPIA","hrp2+/hrp3-","hrp2+/hrp3-","hrp2+/hrp3-","MERAB ABAYA","BIRBIRR H/CENTER","SEBI1504","Plate 11","S_ETHIOPIA","MERAB ABAYA","allege",4,"male",NA,"yes","yes","coartem","yes","pf",NA,1,0,1,1,1,1,0,1,1,1,0,0,0,"wildtype",0,0,0,1,1,"SEBI1504"
"SEBI1509","SEBI1509","S_ETHIOPIA","hrp2+/hrp3-","hrp2+/hrp3-","hrp2+/hrp3-","MERAB ABAYA","BIRBIRR H/CENTER","SEBI1509","Plate 11","S_ETHIOPIA","MERAB ABAYA","allege",18,"male",NA,"yes","yes","coartem","yes","pf",NA,1,1,1,1,1,1,0,1,1,1,0,0,0,"wildtype",0,0,0,1,1,"SEBI1509"
"SEBI1575","SEBI1575","S_ETHIOPIA","hrp2+/hrp3-","hrp2+/hrp3-","hrp2+/hrp3-","MERAB ABAYA","BIRBIRR H/CENTER","SEBI1575","Plate 11","S_ETHIOPIA","MERAB ABAYA","allege",21,"female","no","yes","no",NA,"no","pf",NA,1,1,1,1,1,1,0,1,1,1,0,0,0,"wildtype",0,0,0,1,1,"SEBI1575"
"SEBI1592","SEBI1592","S_ETHIOPIA","hrp2+/hrp3-","hrp2+/hrp3-","hrp2+/hrp3-","MERAB ABAYA","BIRBIRR H/CENTER","SEBI1592","Plate 11","S_ETHIOPIA","MERAB ABAYA","allege",13,"male",NA,"yes","yes","coartem","yes","pf",NA,1,0,1,1,1,1,0,1,1,1,0,0,0,"wildtype",0,0,0,1,1,"SEBI1592"
"SEBI1512","SEBI1512","S_ETHIOPIA","hrp2+/hrp3-","hrp2+/hrp3-","hrp2+/hrp3-","MERAB ABAYA","BIRBIRR H/CENTER","SEBI1512","Plate 11","S_ETHIOPIA","MERAB ABAYA","birbir",8,"male",NA,"yes","yes","Chloroquine","yes","pf",NA,1,1,1,1,1,1,0,1,1,1,0,0,0,"wildtype",0,0,0,1,1,"SEBI1512"
"SEBI1529","SEBI1529","S_ETHIOPIA","hrp2+/hrp3-","hrp2+/hrp3-","hrp2+/hrp3-","MERAB ABAYA","BIRBIRR H/CENTER","SEBI1529","Plate 11","S_ETHIOPIA","MERAB ABAYA","birbir",19,"male",NA,"yes","yes","coartem","no","pf",NA,1,1,1,1,1,1,0,1,1,1,0,0,0,"wildtype",0,0,0,1,1,"SEBI1529"
"SEBI1532","SEBI1532","S_ETHIOPIA","hrp2+/hrp3-","hrp2+/hrp3-","hrp2+/hrp3-","MERAB ABAYA","BIRBIRR H/CENTER","SEBI1532","Plate 11","S_ETHIOPIA","MERAB ABAYA","birbir",14,"male",NA,"yes","no",NA,"no","pf",NA,1,1,1,1,1,1,0,1,1,1,0,0,0,"wildtype",0,0,0,1,1,"SEBI1532"
"SEBI1548","SEBI1548","S_ETHIOPIA","hrp2+/hrp3-","hrp2+/hrp3-","hrp2+/hrp3-","MERAB ABAYA","BIRBIRR H/CENTER","SEBI1548","Plate 11","S_ETHIOPIA","MERAB ABAYA","birbir",10,"female",NA,"yes","no",NA,"yes","pf",NA,1,1,1,1,1,1,0,1,1,1,0,0,0,"wildtype",0,0,0,1,1,"SEBI1548"
"SEBI1572","SEBI1572","S_ETHIOPIA","hrp2+/hrp3-","hrp2+/hrp3-","hrp2+/hrp3-","MERAB ABAYA","BIRBIRR H/CENTER","SEBI1572","Plate 11","S_ETHIOPIA","MERAB ABAYA","birbir",17,"male",NA,"yes","no",NA,"no","pf",NA,1,1,1,1,1,1,0,1,1,1,0,0,0,"wildtype",0,0,0,1,1,"SEBI1572"
"SEBI1531","SEBI1531","S_ETHIOPIA","hrp2+/hrp3-","hrp2+/hrp3-","hrp2+/hrp3-","MERAB ABAYA","BIRBIRR H/CENTER","SEBI1531","Plate 11","S_ETHIOPIA","MERAB ABAYA","delbo",17,"male",NA,"yes","no",NA,"yes","pf",NA,1,1,1,1,1,1,0,1,1,1,0,0,0,"wildtype",0,0,0,1,1,"SEBI1531"
"SEBI1564","SEBI1564","S_ETHIOPIA","hrp2+/hrp3-","hrp2+/hrp3-","hrp2+/hrp3-","MERAB ABAYA","BIRBIRR H/CENTER","SEBI1564","Plate 11","S_ETHIOPIA","MERAB ABAYA","delbo",15,"male",NA,"yes","yes","Chloroquine","no","pf",NA,1,1,1,1,1,1,0,1,1,1,0,0,0,"wildtype",0,0,0,1,1,"SEBI1564"
"SILR5510","SILR5510","SIDAMA","hrp2+/hrp3-","hrp2+/hrp3-","hrp2+/hrp3-","TULLA","GARA RIKATA H/CENTER","SILR5510","Plate 21","SIDAMA","TULLA","Aruma",32,"male",NA,"yes","yes","coartem","no","pf",NA,1,1,1,1,1,1,0,1,1,1,0,0,0,"wildtype",0,0,0,1,1,"SILR5510"
"SILR5518","SILR5518","SIDAMA","hrp2+/hrp3-","hrp2+/hrp3-","hrp2+/hrp3-","TULLA","GARA RIKATA H/CENTER","SILR5518","Plate 21","SIDAMA","TULLA","Aruma",24,"male",NA,"yes","yes","coartem","no","pf",NA,1,1,1,1,1,1,0,1,1,1,0,0,0,"wildtype",0,0,0,1,1,"SILR5518"
"SILR5513","SILR5513","SIDAMA","hrp2+/hrp3-","hrp2+/hrp3-","hrp2+/hrp3-","TULLA","GARA RIKATA H/CENTER","SILR5513","Plate 21","SIDAMA","TULLA","Borja",42,"male",NA,"yes","yes","coartem","no","pf",NA,0.924160347,1,0.97139065,1,1,0.946307715,0,1,1,1,0,0,0,"wildtype",0,0,0,1,1,"SILR5513"
"SILR5500","SILR5500","SIDAMA","hrp2+/hrp3-","hrp2+/hrp3-","hrp2+/hrp3-","TULLA","GARA RIKATA H/CENTER","SILR5500","Plate 21","SIDAMA","TULLA","gamato",30,"female","yes","yes","no",NA,"no","pf",NA,1,1,1,1,1,1,0,1,1,1,0,0,1,"wildtype",0,0,0,1,1,"SILR5500"
"SILR5504","SILR5504","SIDAMA","hrp2+/hrp3-","hrp2+/hrp3-","hrp2+/hrp3-","TULLA","GARA RIKATA H/CENTER","SILR5504","Plate 21","SIDAMA","TULLA","gamato",5,"female",NA,"yes","no",NA,"no","pf",NA,1,1,1,1,1,1,0,1,1,1,0,0,0,"wildtype",0,0,0,1,1,"SILR5504"
"SILR5511","SILR5511","SIDAMA","hrp2+/hrp3-","hrp2+/hrp3-","hrp2+/hrp3-","TULLA","GARA RIKATA H/CENTER","SILR5511","Plate 21","SIDAMA","TULLA","gamato",28,"male",NA,"yes","yes","coartem","yes","pf",NA,1,1,1,1,1,1,0,1,1,1,0,0,0,"wildtype",0,0,0,1,1,"SILR5511"
"SILR5502","SILR5502","SIDAMA","hrp2+/hrp3-","hrp2+/hrp3-","hrp2+/hrp3-","TULLA","GARA RIKATA H/CENTER","SILR5502","Plate 21","SIDAMA","TULLA","gara rikata",25,"male",NA,"yes","no",NA,"no","pf",NA,1,1,1,1,1,1,0,1,1,1,0,0,1,"wildtype",0,0,0,1,1,"SILR5502"
"SILR5503","SILR5503","SIDAMA","hrp2+/hrp3-","hrp2+/hrp3-","hrp2+/hrp3-","TULLA","GARA RIKATA H/CENTER","SILR5503","Plate 21","SIDAMA","TULLA","gara rikata",20,"male",NA,"yes","no",NA,"no","pf",NA,1,1,1,1,1,1,0,1,1,1,0,0,1,"wildtype",0,0,0,1,1,"SILR5503"
"SILR5507","SILR5507","SIDAMA","hrp2+/hrp3-","hrp2+/hrp3-","hrp2+/hrp3-","TULLA","GARA RIKATA H/CENTER","SILR5507","Plate 21","SIDAMA","TULLA","gara rikata",18,"female","no","yes","yes","coartem","no","pf",NA,1,1,1,1,1,1,0,1,1,1,0,0,0,"wildtype",0,0,0,2,2,"SILR5507"
"SILR5514","SILR5514","SIDAMA","hrp2+/hrp3-","hrp2+/hrp3-","hrp2+/hrp3-","TULLA","GARA RIKATA H/CENTER","SILR5514","Plate 21","SIDAMA","TULLA","gara rikata",22,"female","no","yes","yes","coartem","no","pf",NA,1,1,1,1,1,1,0,1,1,1,0,0,0,"wildtype",0,0,0,1,1,"SILR5514"
"SILR5520","SILR5520","SIDAMA","hrp2+/hrp3-","hrp2+/hrp3-","hrp2+/hrp3-","TULLA","GARA RIKATA H/CENTER","SILR5520","Plate 21","SIDAMA","TULLA","gara rikata",22,"male",NA,"yes","yes","coartem","no","pf",NA,1,1,1,1,1,1,0,1,1,1,0,0,0,"wildtype",0,0,0,1,1,"SILR5520"
"SILR5516","SILR5516","SIDAMA","hrp2+/hrp3-","hrp2+/hrp3-","hrp2+/hrp3-","TULLA","GARA RIKATA H/CENTER","SILR5516","Plate 21","SIDAMA","TULLA","Hawela wondo",26,"female","no","yes","yes","coartem","no","pf",NA,1,1,1,1,1,1,0,1,1,1,0,0,0,"wildtype",0,0,0,1,1,"SILR5516"
"SILR5519","SILR5519","SIDAMA","hrp2+/hrp3-","hrp2+/hrp3-","hrp2+/hrp3-","TULLA","GARA RIKATA H/CENTER","SILR5519","Plate 21","SIDAMA","TULLA","Hawela wondo",19,"female","no","yes","yes","coartem","yes","pf",NA,1,1,1,1,1,1,0,1,1,1,0,0,0,"wildtype",0,0,0,3,2,"SILR5519"
"GAAB2301","GAAB2301","GAMBELA","hrp2+/hrp3+","hrp2+/hrp3+","hrp2+/hrp3+","ABOL","ABOL H/CENTER","GAAB2301","Plate 14","GAMBELA","ABOL","Abol",8,"female",NA,"yes",NA,NA,NA,"pf",NA,0.092898833,1,1,1,0,0.580764249,0,1,1,1,0,0,0,"wildtype",0,0,0.095361611,2,2,"GAAB2301"
"GAAB2303","GAAB2303","GAMBELA","hrp2+/hrp3+","hrp2+/hrp3+","hrp2+/hrp3+","ABOL","ABOL H/CENTER","GAAB2303","Plate 14","GAMBELA","ABOL","Abol",10,NA,NA,"yes",NA,NA,NA,"pf",NA,0,0,0,0,0,0,0,1,1,1,0,0,0,"wildtype",0,0,0,1,1,"GAAB2303"
"GAAB2304","GAAB2304","GAMBELA","hrp2+/hrp3+","hrp2+/hrp3+","hrp2+/hrp3+","ABOL","ABOL H/CENTER","GAAB2304","Plate 14","GAMBELA","ABOL","Abol",10,"female",NA,"yes","yes",NA,NA,"pf",NA,0,1,0,1,0,0,0,1,1,1,0,0,0,"wildtype",0,0,0,1,1,"GAAB2304"
"GAAB2305","GAAB2305","GAMBELA","hrp2+/hrp3+","hrp2+/hrp3+","hrp2+/hrp3+","ABOL","ABOL H/CENTER","GAAB2305","Plate 14","GAMBELA","ABOL","Abol",21,"female",NA,"yes","yes",NA,NA,"pf",NA,0.079809976,1,0.962518264,1,1,0.845304602,0,1,1,1,0,0,0,"wildtype",0,0,0,2,2,"GAAB2305"
"GAAB2306","GAAB2306","GAMBELA","hrp2+/hrp3+","hrp2+/hrp3+","hrp2+/hrp3+","ABOL","ABOL H/CENTER","GAAB2306","Plate 14","GAMBELA","ABOL","Abol",22,"male",NA,"yes","yes",NA,NA,"pf",NA,0,1,1,1,0,0,0,1,1,1,0,0,0,"wildtype",0,0,0.032375741,1,1,"GAAB2306"
"GAAB2308","GAAB2308","GAMBELA","hrp2+/hrp3+","hrp2+/hrp3+","hrp2+/hrp3+","ABOL","ABOL H/CENTER","GAAB2308","Plate 14","GAMBELA","ABOL","Abol",9,"male",NA,"yes",NA,NA,NA,"pf",NA,0,0.978471801,0.978471801,0.974054054,0.123678059,0.032834268,0.137952822,1,0.086475707,1,0.737492593,0,0,"wildtype",0,0,0,1,1,"GAAB2308"
"GAAB2309","GAAB2309","GAMBELA","hrp2+/hrp3+","hrp2+/hrp3+","hrp2+/hrp3+","ABOL","ABOL H/CENTER","GAAB2309","Plate 14","GAMBELA","ABOL","Abol",35,"female",NA,"yes","yes",NA,NA,"pf",NA,0,1,0,1,1,1,0,1,1,1,0,0,0,"wildtype",0,0,0,1,1,"GAAB2309"
"GAAB2312","GAAB2312","GAMBELA","hrp2+/hrp3+","hrp2+/hrp3+","hrp2+/hrp3+","ABOL","ABOL H/CENTER","GAAB2312","Plate 14","GAMBELA","ABOL","Abol",16,"female",NA,"yes",NA,NA,NA,"pf",NA,0.0430839,1,0.057846607,1,0.867410568,0.944026506,0.025383142,1,1,1,0,0,0,"wildtype",0,0,0,8,7,"GAAB2312"
"AFWO3434","AFWO3434","AFAR","hrp2+/hrp3+","hrp2+/hrp3+","hrp2+/hrp3+","AMIBARA","WORER H/CENTER","AFWO3434","Plate 21","AFAR","AMIBARA","sheleko",24,"female","no","yes","no",NA,"no","pf",12430,1,1,1,1,1,1,0,1,1,1,0,0,0,"wildtype",0,0,0,1,1,"AFWO3434"
"AFWO3435","AFWO3435","AFAR","hrp2+/hrp3+","hrp2+/hrp3+","hrp2+/hrp3+","AMIBARA","WORER H/CENTER","AFWO3435","Plate 21","AFAR","AMIBARA","sheleko",27,"female","no","yes","no",NA,"no","pf",17420,0,1,0,1,1,1,0,1,0,1,0,0,0,"wildtype",0,0,0,1,1,"AFWO3435"
"AFWO3426","AFWO3426","AFAR","hrp2+/hrp3+","hrp2+/hrp3+","hrp2+/hrp3+","AMIBARA","WORER H/CENTER","AFWO3426","Plate 21","AFAR","AMIBARA","worer",30,"female","yes","yes","no",NA,"no","pf",18430,1,1,1,1,1,1,0,1,1,1,0,0,0,"wildtype",0,0,0,1,1,"AFWO3426"
"AFWO3436","AFWO3436","AFAR","hrp2+/hrp3+","hrp2+/hrp3+","hrp2+/hrp3+","AMIBARA","WORER H/CENTER","AFWO3436","Plate 21","AFAR","AMIBARA","worer",26,"female","no","yes","no",NA,"no","pf",16430,1,1,1,1,1,1,0,1,1,1,0,0,0,"wildtype",0,0,0,1,1,"AFWO3436"
"AMAN030966","AMAN030966","AMHARA","hrp2+/hrp3+","hrp2+/hrp3+","hrp2+/hrp3+","BAHIR DAR ZURIA","ANDASA H/CENTER","aman030966","Plate 10","AMHARA","BAHIR DAR ZURIA","andasa",35,"male",NA,"yes","yes","coartem","no","pf",NA,0,1,0,1,1,1,1,1,1,1,0,0,0,"wildtype",0,0,0,1,1,"AMAN030966"
"AMAN031017","AMAN031017","AMHARA","hrp2+/hrp3+","hrp2+/hrp3+","hrp2+/hrp3+","BAHIR DAR ZURIA","ANDASA H/CENTER","AMAN031017","Plate 10","AMHARA","BAHIR DAR ZURIA","andasa",32,"female","no","yes","yes","coartem","no","pf",NA,0.96621228,1,1,1,1,0.966147544,0.976850177,1,1,1,0,0,0,"wildtype",0,0,0,1,1,"AMAN031017"
"AMAN031019","AMAN031019","AMHARA","hrp2+/hrp3+","hrp2+/hrp3+","hrp2+/hrp3+","BAHIR DAR ZURIA","ANDASA H/CENTER","AMAN031019","Plate 10","AMHARA","BAHIR DAR ZURIA","andasa",10,"female","no","yes","yes","coartem","no","pf",NA,1,1,1,1,1,0.947162965,1,1,1,1,0,0,0,"wildtype",0,0,0,1,1,"AMAN031019"
"AMAN031020","AMAN031020","AMHARA","hrp2+/hrp3+","hrp2+/hrp3+","hrp2+/hrp3+","BAHIR DAR ZURIA","ANDASA H/CENTER","AMAN031020","Plate 10","AMHARA","BAHIR DAR ZURIA","andasa",18,"female","no","yes","yes",NA,"no","pf",NA,1,1,1,1,1,1,1,1,1,1,0,0,0,"wildtype",0,0,0,1,1,"AMAN031020"
"SNDI071888","SNDI071888","S_ETHIOPIA","hrp2+/hrp3+","hrp2+/hrp3+","hrp2+/hrp3+","DILLA","DILLA H/CENTER","SNDI071888","Plate 14","S_ETHIOPIA","DILLA","Dilla",16,"male",NA,"yes","no",NA,"no","pf",NA,0.940994854,1,1,1,1,0.976753712,0,1,1,1,0,0.964055794,0,"wildtype",0,0,0,1,1,"SNDI071888"
"SNDI071889","SNDI071889","S_ETHIOPIA","hrp2+/hrp3+","hrp2+/hrp3+","hrp2+/hrp3+","DILLA","DILLA H/CENTER","SNDI071889","Plate 14","S_ETHIOPIA","DILLA","Dilla",35,"male",NA,"yes","no",NA,"no","pf",NA,0.96437659,1,1,1,1,1,0,1,1,1,0,1,0,"wildtype",0,0,0,1,1,"SNDI071889"
"SNDI071891","SNDI071891","S_ETHIOPIA","hrp2+/hrp3+","hrp2+/hrp3+","hrp2+/hrp3+","DILLA","DILLA H/CENTER","SNDI071891","Plate 14","S_ETHIOPIA","DILLA","Dilla",26,"male",NA,"yes","no",NA,"no","pf",NA,1,1,1,1,1,1,0,1,1,1,0,1,0,"wildtype",0,0,0,1,1,"SNDI071891"
"SNDI071893","SNDI071893","S_ETHIOPIA","hrp2+/hrp3+","hrp2+/hrp3+","hrp2+/hrp3+","DILLA","DILLA H/CENTER","SNDI071893","Plate 14","S_ETHIOPIA","DILLA","Dilla",45,"male",NA,"yes","no",NA,"no","pf",NA,1,1,1,1,1,1,0,1,1,1,0,0,0,"wildtype",0,0,0,3,2,"SNDI071893"
"SNDI071894","SNDI071894","S_ETHIOPIA","hrp2+/hrp3+","hrp2+/hrp3+","hrp2+/hrp3+","DILLA","DILLA H/CENTER","SNDI071894","Plate 14","S_ETHIOPIA","DILLA","Dilla",40,"male",NA,"yes","no",NA,"no","pf",NA,1,1,0,1,1,1,0,1,1,1,0,0,0,"wildtype",0,0,0,3,3,"SNDI071894"
"SNDI071895","SNDI071895","S_ETHIOPIA","hrp2+/hrp3+","hrp2+/hrp3+","hrp2+/hrp3+","DILLA","DILLA H/CENTER","SNDI071895","Plate 14","S_ETHIOPIA","DILLA","Dilla",50,"male",NA,"yes","no",NA,"no","pf",NA,1,1,1,1,1,1,0,1,1,1,0,1,0,"wildtype",0,0,0,1,1,"SNDI071895"
"SNDI071896","SNDI071896","S_ETHIOPIA","hrp2+/hrp3+","hrp2+/hrp3+","hrp2+/hrp3+","DILLA","DILLA H/CENTER","SNDI071896","Plate 14","S_ETHIOPIA","DILLA","Dilla",27,"female","no","yes","no",NA,"no","pf",NA,1,1,1,1,1,1,0,1,1,1,0,0,0,"wildtype",0,0,0,1,1,"SNDI071896"
"SNDI071899","SNDI071899","S_ETHIOPIA","hrp2+/hrp3+","hrp2+/hrp3+","hrp2+/hrp3+","DILLA","DILLA H/CENTER","SNDI071899","Plate 14","S_ETHIOPIA","DILLA","Dilla",28,"male","no","yes","yes",NA,"no","pf",NA,1,1,1,1,1,1,0,1,1,1,0,0,0,"wildtype",0,0,0,1,1,"SNDI071899"
"SNDI071900","SNDI071900","S_ETHIOPIA","hrp2+/hrp3+","hrp2+/hrp3+","hrp2+/hrp3+","DILLA","DILLA H/CENTER","SNDI071900","Plate 14","S_ETHIOPIA","DILLA","Dilla",6,"female",NA,"yes","yes","Albendazol","no","pf",NA,1,1,1,1,1,1,0,1,1,1,0,1,0,"wildtype",0,0,0,1,1,"SNDI071900"
"SNDI071902","SNDI071902","S_ETHIOPIA","hrp2+/hrp3+","hrp2+/hrp3+","hrp2+/hrp3+","DILLA","DILLA H/CENTER","SNDI071902","Plate 14","S_ETHIOPIA","DILLA","Dilla",45,"male",NA,"yes","no",NA,"no","pf",NA,1,1,1,1,1,1,0,1,1,1,0,0,0,"wildtype",0,0,0,1,1,"SNDI071902"
"SNDI071905","SNDI071905","S_ETHIOPIA","hrp2+/hrp3+","hrp2+/hrp3+","hrp2+/hrp3+","DILLA","DILLA H/CENTER","SNDI071905","Plate 14","S_ETHIOPIA","DILLA","Dilla",30,"male",NA,"yes","yes","PCM","yes","pf",NA,1,1,1,1,1,1,0,1,1,1,0,0,0,"wildtype",0,0,0,1,1,"SNDI071905"
"SNDI071906","SNDI071906","S_ETHIOPIA","hrp2+/hrp3+","hrp2+/hrp3+","hrp2+/hrp3+","DILLA","DILLA H/CENTER","SNDI071906","Plate 14","S_ETHIOPIA","DILLA","Dilla",NA,"female","no","yes","no",NA,"yes","pf",NA,1,1,1,1,1,1,0,1,1,1,0,0,0,"wildtype",0,0,0,2,2,"SNDI071906"
"SNDI071908","SNDI071908","S_ETHIOPIA","hrp2+/hrp3+","hrp2+/hrp3+","hrp2+/hrp3+","DILLA","DILLA H/CENTER","SNDI071908","Plate 14","S_ETHIOPIA","DILLA","Dilla",55,"female","no","yes","no",NA,"no","pf",NA,1,1,1,1,1,0.903639837,0,1,1,1,0,0.952584078,0,"wildtype",0,0,0,1,1,"SNDI071908"
"SNDI071909","SNDI071909","S_ETHIOPIA","hrp2+/hrp3+","hrp2+/hrp3+","hrp2+/hrp3+","DILLA","DILLA H/CENTER","SNDI071909","Plate 14","S_ETHIOPIA","DILLA","Dilla",30,"female","no","yes","no",NA,"no","pf",NA,1,1,1,1,1,1,0,1,1,1,0,1,0,"wildtype",0,0,0,2,2,"SNDI071909"
"SNDI071892","SNDI071892","S_ETHIOPIA","hrp2+/hrp3+","hrp2+/hrp3+","hrp2+/hrp3+","DILLA","DILLA H/CENTER","SNDI071892","Plate 14","S_ETHIOPIA","DILLA","odomike",35,"male",NA,"yes","yes","PCM","no","pf",NA,1,1,1,1,1,1,0,1,1,1,0,1,0,"wildtype",0,0,0,1,1,"SNDI071892"
"DILE6081","DILE6081","DIRE DAWA","hrp2+/hrp3+","hrp2+/hrp3+","hrp2+/hrp3+","DIRE DAWA","LEGEHARE H/CENTER","dile6081","Plate 14","DIRE DAWA","DIRE DAWA","dire dawa",22,"female","no","yes","yes",NA,"no","pf",700,0,1,1,1,1,1,0,1,0,1,0,0,0,"wildtype",0,0,0,1,1,"DILE6081"
"DILE6082","DILE6082","DIRE DAWA","hrp2+/hrp3+","hrp2+/hrp3+","hrp2+/hrp3+","DIRE DAWA","LEGEHARE H/CENTER","dile6082","Plate 14","DIRE DAWA","DIRE DAWA","dire dawa",30,"female","no","yes","no",NA,"no","pf",1200,0,1,1,1,1,1,0,1,0,1,0,0,0,"wildtype",0,0,0,1,1,"DILE6082"
"DILE6085","DILE6085","DIRE DAWA","hrp2+/hrp3+","hrp2+/hrp3+","hrp2+/hrp3+","DIRE DAWA","LEGEHARE H/CENTER","dile6085","Plate 14","DIRE DAWA","DIRE DAWA","dire dawa",28,"female","no","yes","no",NA,"no","pf",900,0.04978355,0.336134454,0.336134454,0.288598694,1,1,0,1,1,1,0,0,0,"wildtype",0,0,0,2,2,"DILE6085"
"DILE6090","DILE6090","DIRE DAWA","hrp2+/hrp3+","hrp2+/hrp3+","hrp2+/hrp3+","DIRE DAWA","LEGEHARE H/CENTER","dile6090","Plate 14","DIRE DAWA","DIRE DAWA","dire dawa",20,"male",NA,"yes","no",NA,"no","pf",1100,0,1,0.845404019,1,0.835144928,0.854715454,0,1,1,1,0,0,0,"wildtype",0,0,0,2,2,"DILE6090"
"DILE6094","DILE6094","DIRE DAWA","hrp2+/hrp3+","hrp2+/hrp3+","hrp2+/hrp3+","DIRE DAWA","LEGEHARE H/CENTER","dile6094","Plate 14","DIRE DAWA","DIRE DAWA","dire dawa",23,"male",NA,"yes","no",NA,"no","pf",814,0,1,0,1,1,1,0,1,0,1,0,0,0,"wildtype",0,0,0,1,1,"DILE6094"
"AMJI031343","AMJI031343","AMHARA","hrp2+/hrp3+","hrp2+/hrp3+","hrp2+/hrp3+","JABIE","Jiga h/c","AMJI031343","Plate 21","AMHARA","JABIE","hodash",18,"male",NA,"yes","yes","coartem","no","pf",1820,0.034090909,1,0,1,1,1,0,1,0.026711698,1,0.471264368,0,0,"wildtype",0,0,0,3,3,"AMJI031343"
"AMJI031333","AMJI031333","AMHARA","hrp2+/hrp3+","hrp2+/hrp3+","hrp2+/hrp3+","JABIE","Jiga h/c","AMJI031333","Plate 21","AMHARA","JABIE","yelmder",31,"female","no","yes","yes","coartem","no","pf",940,1,1,1,1,1,0.967564259,0,1,1,1,0.936933107,0,0,"wildtype",0,0,0,1,1,"AMJI031333"
"AMJI031334","AMJI031334","AMHARA","hrp2+/hrp3+","hrp2+/hrp3+","hrp2+/hrp3+","JABIE","Jiga h/c","AMJI031334","Plate 21","AMHARA","JABIE","yelmder",10,"female","no","yes","no",NA,"no","pf",840,0,1,0,1,1,1,0,1,0.9318542,1,0,0,0,"wildtype",0,0,0,1,1,"AMJI031334"
"AMJI031336","AMJI031336","AMHARA","hrp2+/hrp3+","hrp2+/hrp3+","hrp2+/hrp3+","JABIE","Jiga h/c","AMJI031336","Plate 21","AMHARA","JABIE","yelmder",10,"male",NA,"yes","no",NA,"no","pf",3420,0.968259759,1,0.067123742,1,0.025623583,0,0.027945073,1,1,1,0,0,0,"wildtype",0,0,0,2,2,"AMJI031336"
"AMJI031338","AMJI031338","AMHARA","hrp2+/hrp3+","hrp2+/hrp3+","hrp2+/hrp3+","JABIE","Jiga h/c","AMJI031338","Plate 21","AMHARA","JABIE","yelmder",4,"male",NA,"yes","no",NA,"no","pf",4520,0,1,0,1,1,1,0,1,0,1,0,0,0,"wildtype",0,0,0,1,1,"AMJI031338"
"AMJI031339","AMJI031339","AMHARA","hrp2+/hrp3+","hrp2+/hrp3+","hrp2+/hrp3+","JABIE","Jiga h/c","AMJI031339","Plate 21","AMHARA","JABIE","yelmder",40,"female","no","yes","yes","coartem","no","pf",2440,1,1,0.646886252,1,1,1,0,1,1,1,0.3104,0,0,"wildtype",0,0,0,2,2,"AMJI031339"
"AMHA1703","AMHA1703","AMHARA","hrp2+/hrp3+","hrp2+/hrp3+","hrp2+/hrp3+","KALLU","HARBU H/CENTER","AMHA1703","Plate 21","AMHARA","KALLU","harbu",17,"female","no","yes","no",NA,"no","pf",3600,0,1,0,1,0,0,0,1,1,1,0,0,0,"wildtype",0,0,0,1,1,"AMHA1703"
"SEBI1554","SEBI1554","S_ETHIOPIA","hrp2+/hrp3+","hrp2+/hrp3+","hrp2+/hrp3+","MERAB ABAYA","BIRBIRR H/CENTER","SEBI1554","Plate 11","S_ETHIOPIA","MERAB ABAYA","alge",19,"male",NA,"yes","yes","coartem","yes","pf",NA,0.08068583,1,1,1,0.090147921,0.08873533,0,1,1,1,0,0,0,"wildtype",0,0,0,3,3,"SEBI1554"
"SEBI1502","SEBI1502","S_ETHIOPIA","hrp2+/hrp3+","hrp2+/hrp3+","hrp2+/hrp3+","MERAB ABAYA","BIRBIRR H/CENTER","SEBI1502","Plate 11","S_ETHIOPIA","MERAB ABAYA","allege",6,"female",NA,"yes","yes","coartem","yes","pf",NA,1,1,1,1,1,1,0,1,1,1,0,0,0,"wildtype",0,0,0,1,1,"SEBI1502"
"SEBI1503","SEBI1503","S_ETHIOPIA","hrp2+/hrp3+","hrp2+/hrp3+","hrp2+/hrp3+","MERAB ABAYA","BIRBIRR H/CENTER","SEBI1503","Plate 11","S_ETHIOPIA","MERAB ABAYA","allege",9,"male",NA,"yes","yes","coartem","yes","pf",NA,1,1,1,1,1,1,0,1,1,1,0,0,0,"wildtype",0,0,0,1,1,"SEBI1503"
"SEBI1506","SEBI1506","S_ETHIOPIA","hrp2+/hrp3+","hrp2+/hrp3+","hrp2+/hrp3+","MERAB ABAYA","BIRBIRR H/CENTER","SEBI1506","Plate 11","S_ETHIOPIA","MERAB ABAYA","allege",17,"female","no","yes","yes","coartem","yes","pf",NA,0.954270343,1,1,1,1,0.957574245,0,1,1,1,0,0,0,"wildtype",0,0,0,3,3,"SEBI1506"
"SEBI1507","SEBI1507","S_ETHIOPIA","hrp2+/hrp3+","hrp2+/hrp3+","hrp2+/hrp3+","MERAB ABAYA","BIRBIRR H/CENTER","SEBI1507","Plate 11","S_ETHIOPIA","MERAB ABAYA","allege",25,"male",NA,"yes","yes","coartem","yes","pf",NA,0.973368842,0.023239486,1,1,1,0.965409191,0,1,1,1,0,0,0,"wildtype",0,0,0,1,1,"SEBI1507"
"SEBI1510","SEBI1510","S_ETHIOPIA","hrp2+/hrp3+","hrp2+/hrp3+","hrp2+/hrp3+","MERAB ABAYA","BIRBIRR H/CENTER","SEBI1510","Plate 11","S_ETHIOPIA","MERAB ABAYA","allege",17,"male",NA,"yes","yes","coartem","yes","pf",NA,1,1,1,1,1,1,0,1,1,1,0,0,0,"wildtype",0,0,0,1,1,"SEBI1510"
"SEBI1514","SEBI1514","S_ETHIOPIA","hrp2+/hrp3+","hrp2+/hrp3+","hrp2+/hrp3+","MERAB ABAYA","BIRBIRR H/CENTER","SEBI1514","Plate 11","S_ETHIOPIA","MERAB ABAYA","allege",8,"female","no","yes","yes","coartem","yes","pf",NA,0.977701544,1,1,1,1,1,0,1,1,1,0,0,0,"wildtype",0,0,0,1,1,"SEBI1514"
"SEBI1515","SEBI1515","S_ETHIOPIA","hrp2+/hrp3+","hrp2+/hrp3+","hrp2+/hrp3+","MERAB ABAYA","BIRBIRR H/CENTER","SEBI1515","Plate 11","S_ETHIOPIA","MERAB ABAYA","allege",17,"male",NA,"yes","yes","coartem","yes","pf",NA,1,1,1,1,1,1,0,1,1,1,0,0,0,"wildtype",0,0,0,1,1,"SEBI1515"
"SEBI1516","SEBI1516","S_ETHIOPIA","hrp2+/hrp3+","hrp2+/hrp3+","hrp2+/hrp3+","MERAB ABAYA","BIRBIRR H/CENTER","SEBI1516","Plate 11","S_ETHIOPIA","MERAB ABAYA","allege",20,"female","no","yes","yes","coartem","yes","pf",NA,1,1,1,1,1,1,0,1,1,1,0,0.29302577,0,"wildtype",0,0,0,2,2,"SEBI1516"
"SEBI1518","SEBI1518","S_ETHIOPIA","hrp2+/hrp3+","hrp2+/hrp3+","hrp2+/hrp3+","MERAB ABAYA","BIRBIRR H/CENTER","SEBI1518","Plate 11","S_ETHIOPIA","MERAB ABAYA","allege",11,"male",NA,"yes","yes","coartem","no","pf",NA,1,1,1,1,1,1,0,1,1,1,0,0,0,"wildtype",0,0,0,1,1,"SEBI1518"
"SEBI1520","SEBI1520","S_ETHIOPIA","hrp2+/hrp3+","hrp2+/hrp3+","hrp2+/hrp3+","MERAB ABAYA","BIRBIRR H/CENTER","SEBI1520","Plate 11","S_ETHIOPIA","MERAB ABAYA","allege",17,NA,NA,"yes","yes","coartem","no","pf",NA,1,0.155698637,1,1,1,1,0,1,1,1,0,0.152322614,0,"wildtype",0,0,0,2,2,"SEBI1520"
"SEBI1524","SEBI1524","S_ETHIOPIA","hrp2+/hrp3+","hrp2+/hrp3+","hrp2+/hrp3+","MERAB ABAYA","BIRBIRR H/CENTER","SEBI1524","Plate 11","S_ETHIOPIA","MERAB ABAYA","allege",11,"female","no","yes","yes","coartem","no","pf",NA,1,1,1,1,1,1,0,1,1,1,0,1,0,"wildtype",0,0,0,1,1,"SEBI1524"
"SEBI1525","SEBI1525","S_ETHIOPIA","hrp2+/hrp3+","hrp2+/hrp3+","hrp2+/hrp3+","MERAB ABAYA","BIRBIRR H/CENTER","SEBI1525","Plate 11","S_ETHIOPIA","MERAB ABAYA","allege",6,"male",NA,"yes","yes","coartem","no","pf",NA,1,0,1,1,1,1,0,1,1,1,0,0,0,"wildtype",0,0,0,1,1,"SEBI1525"
"SEBI1526","SEBI1526","S_ETHIOPIA","hrp2+/hrp3+","hrp2+/hrp3+","hrp2+/hrp3+","MERAB ABAYA","BIRBIRR H/CENTER","SEBI1526","Plate 11","S_ETHIOPIA","MERAB ABAYA","allege",28,"female","no","yes","yes","coartem","no","pf",NA,1,0.857413728,1,1,1,1,0,1,1,1,0,0.142681048,0,"wildtype",0,0,0,3,3,"SEBI1526"
"SEBI1528","SEBI1528","S_ETHIOPIA","hrp2+/hrp3+","hrp2+/hrp3+","hrp2+/hrp3+","MERAB ABAYA","BIRBIRR H/CENTER","SEBI1528","Plate 11","S_ETHIOPIA","MERAB ABAYA","allege",16,"male",NA,"yes","yes","Chloruine","yes","pf",NA,0.379177378,0.960034538,0.855433576,1,0.849061887,0.751676273,0,1,0.955538809,1,0,0,0,"wildtype",0,0,0,10,10,"SEBI1528"
"SEBI1534","SEBI1534","S_ETHIOPIA","hrp2+/hrp3+","hrp2+/hrp3+","hrp2+/hrp3+","MERAB ABAYA","BIRBIRR H/CENTER","SEBI1534","Plate 11","S_ETHIOPIA","MERAB ABAYA","allege",18,"male",NA,"yes","yes","coartem","yes","pf",NA,1,1,1,1,1,1,0,1,1,1,0,0,0,"wildtype",0,0,0,4,4,"SEBI1534"
"SEBI1536","SEBI1536","S_ETHIOPIA","hrp2+/hrp3+","hrp2+/hrp3+","hrp2+/hrp3+","MERAB ABAYA","BIRBIRR H/CENTER","SEBI1536","Plate 11","S_ETHIOPIA","MERAB ABAYA","allege",11,NA,"no","yes","yes","coartem","no","pf",NA,0.045375218,1,0.031892892,1,1,0.976627713,0,1,1,1,0,0,0,"wildtype",0,0,0,1,1,"SEBI1536"
"SEBI1537","SEBI1537","S_ETHIOPIA","hrp2+/hrp3+","hrp2+/hrp3+","hrp2+/hrp3+","MERAB ABAYA","BIRBIRR H/CENTER","SEBI1537","Plate 11","S_ETHIOPIA","MERAB ABAYA","allege",3,"female",NA,"yes","yes","coartem","no","pf",NA,1,1,1,1,1,1,0,1,1,1,0,0,0,"wildtype",0,0,0,2,2,"SEBI1537"
"SEBI1538","SEBI1538","S_ETHIOPIA","hrp2+/hrp3+","hrp2+/hrp3+","hrp2+/hrp3+","MERAB ABAYA","BIRBIRR H/CENTER","SEBI1538","Plate 11","S_ETHIOPIA","MERAB ABAYA","allege",6,"female",NA,"yes","yes","coartem","no","pf",NA,1,1,1,1,1,1,0,1,1,1,0,0,0,"wildtype",0,0,0,1,1,"SEBI1538"
"SEBI1539","SEBI1539","S_ETHIOPIA","hrp2+/hrp3+","hrp2+/hrp3+","hrp2+/hrp3+","MERAB ABAYA","BIRBIRR H/CENTER","SEBI1539","Plate 11","S_ETHIOPIA","MERAB ABAYA","allege",19,"male",NA,"yes","yes","coartem","yes","pf",NA,1,1,0,1,1,1,0,1,1,1,0,0,0,"wildtype",0,0,0,1,1,"SEBI1539"
"SEBI1545","SEBI1545","S_ETHIOPIA","hrp2+/hrp3+","hrp2+/hrp3+","hrp2+/hrp3+","MERAB ABAYA","BIRBIRR H/CENTER","SEBI1545","Plate 11","S_ETHIOPIA","MERAB ABAYA","allege",20,"male",NA,"yes","no",NA,"yes","pf",NA,1,1,1,1,1,1,0,1,1,1,0,0,0,"wildtype",0,0,0,1,1,"SEBI1545"
"SEBI1550","SEBI1550","S_ETHIOPIA","hrp2+/hrp3+","hrp2+/hrp3+","hrp2+/hrp3+","MERAB ABAYA","BIRBIRR H/CENTER","SEBI1550","Plate 11","S_ETHIOPIA","MERAB ABAYA","allege",18,NA,NA,"yes","yes",NA,"no","pf",NA,1,1,0,1,1,1,0,1,1,1,0,0,0,"wildtype",0,0,0,1,1,"SEBI1550"
"SEBI1551","SEBI1551","S_ETHIOPIA","hrp2+/hrp3+","hrp2+/hrp3+","hrp2+/hrp3+","MERAB ABAYA","BIRBIRR H/CENTER","SEBI1551","Plate 11","S_ETHIOPIA","MERAB ABAYA","allege",10,"male",NA,"yes","yes",NA,"no","pf",NA,1,1,1,1,1,1,0,1,0,1,0,0,0,"wildtype",0,0,0,1,1,"SEBI1551"
"SEBI1557","SEBI1557","S_ETHIOPIA","hrp2+/hrp3+","hrp2+/hrp3+","hrp2+/hrp3+","MERAB ABAYA","BIRBIRR H/CENTER","SEBI1557","Plate 11","S_ETHIOPIA","MERAB ABAYA","allege",18,"female","no","yes","no",NA,"no","pf",NA,1,1,1,1,0,1,0,1,1,1,0,0,0,"wildtype",0,0,0,1,1,"SEBI1557"
"SEBI1565","SEBI1565","S_ETHIOPIA","hrp2+/hrp3+","hrp2+/hrp3+","hrp2+/hrp3+","MERAB ABAYA","BIRBIRR H/CENTER","SEBI1565","Plate 11","S_ETHIOPIA","MERAB ABAYA","allege",12,"female","no","yes","no",NA,"no","pf",NA,1,1,1,1,1,1,0,1,1,1,0,0,0,"wildtype",0,0,0,1,1,"SEBI1565"
"SEBI1568","SEBI1568","S_ETHIOPIA","hrp2+/hrp3+","hrp2+/hrp3+","hrp2+/hrp3+","MERAB ABAYA","BIRBIRR H/CENTER","SEBI1568","Plate 11","S_ETHIOPIA","MERAB ABAYA","allege",30,"male",NA,"yes","yes","Chloroquine","no","pf",NA,1,1,1,1,1,1,0,1,1,1,0,0,0,"wildtype",0,0,0,2,2,"SEBI1568"
"SEBI1571","SEBI1571","S_ETHIOPIA","hrp2+/hrp3+","hrp2+/hrp3+","hrp2+/hrp3+","MERAB ABAYA","BIRBIRR H/CENTER","SEBI1571","Plate 11","S_ETHIOPIA","MERAB ABAYA","allege",20,"male",NA,"yes","no",NA,"no","pf",NA,NA,1,0.870327015,1,1,1,0,1,1,1,0,0,0,"wildtype",0,0,0,4,3,"SEBI1571"
"SEBI1573","SEBI1573","S_ETHIOPIA","hrp2+/hrp3+","hrp2+/hrp3+","hrp2+/hrp3+","MERAB ABAYA","BIRBIRR H/CENTER","SEBI1573","Plate 11","S_ETHIOPIA","MERAB ABAYA","allege",15,NA,NA,"yes","no",NA,"no","pf",NA,0.82122905,1,0.957921087,1,1,0.973100691,0,1,0.911764706,1,0,0,0,"wildtype",0,0,0,8,9,"SEBI1573"
"SEBI1574","SEBI1574","S_ETHIOPIA","hrp2+/hrp3+","hrp2+/hrp3+","hrp2+/hrp3+","MERAB ABAYA","BIRBIRR H/CENTER","SEBI1574","Plate 11","S_ETHIOPIA","MERAB ABAYA","allege",8,NA,NA,"yes","no",NA,"no","pf",NA,1,1,1,1,1,1,0,1,1,1,0,0,0,"wildtype",0,0,0,2,2,"SEBI1574"
"SEBI1577","SEBI1577","S_ETHIOPIA","hrp2+/hrp3+","hrp2+/hrp3+","hrp2+/hrp3+","MERAB ABAYA","BIRBIRR H/CENTER","SEBI1577","Plate 11","S_ETHIOPIA","MERAB ABAYA","allege",18,"female","no","yes","yes","coartem","no","pf",NA,1,1,1,1,1,1,0,1,1,1,0,0,0,"wildtype",0,0,0,1,1,"SEBI1577"
"SEBI1579","SEBI1579","S_ETHIOPIA","hrp2+/hrp3+","hrp2+/hrp3+","hrp2+/hrp3+","MERAB ABAYA","BIRBIRR H/CENTER","SEBI1579","Plate 11","S_ETHIOPIA","MERAB ABAYA","allege",40,"female","no","yes","no",NA,"no","pf",NA,1,0.790765634,0.209234366,1,1,1,0,1,1,1,0,0,0,"wildtype",0,0,0,2,2,"SEBI1579"
"SEBI1581","SEBI1581","S_ETHIOPIA","hrp2+/hrp3+","hrp2+/hrp3+","hrp2+/hrp3+","MERAB ABAYA","BIRBIRR H/CENTER","SEBI1581","Plate 11","S_ETHIOPIA","MERAB ABAYA","allege",15,"male",NA,"yes","no",NA,"no","pf",NA,1,1,1,1,1,1,0,1,1,1,0,0,0,"wildtype",0,0,0,1,1,"SEBI1581"
"SEBI1582","SEBI1582","S_ETHIOPIA","hrp2+/hrp3+","hrp2+/hrp3+","hrp2+/hrp3+","MERAB ABAYA","BIRBIRR H/CENTER","SEBI1582","Plate 11","S_ETHIOPIA","MERAB ABAYA","allege",15,"female","no","yes","no",NA,"no","pf",NA,1,1,1,1,1,1,0,1,1,1,0,0,0,"wildtype",0,0,0,1,1,"SEBI1582"
"SEBI1583","SEBI1583","S_ETHIOPIA","hrp2+/hrp3+","hrp2+/hrp3+","hrp2+/hrp3+","MERAB ABAYA","BIRBIRR H/CENTER","SEBI1583","Plate 11","S_ETHIOPIA","MERAB ABAYA","allege",30,"male",NA,"yes","yes","coartem","yes","pf",NA,1,1,1,1,1,1,0,1,1,1,0,0,0,"wildtype",0,0,0,3,3,"SEBI1583"
"SEBI1584","SEBI1584","S_ETHIOPIA","hrp2+/hrp3+","hrp2+/hrp3+","hrp2+/hrp3+","MERAB ABAYA","BIRBIRR H/CENTER","SEBI1584","Plate 11","S_ETHIOPIA","MERAB ABAYA","allege",14,"male",NA,"yes","no",NA,"yes","pf",NA,1,1,0.331037827,1,1,1,0,1,1,1,0,0,0,"wildtype",0,0,0,3,3,"SEBI1584"
"SEBI1588","SEBI1588","S_ETHIOPIA","hrp2+/hrp3+","hrp2+/hrp3+","hrp2+/hrp3+","MERAB ABAYA","BIRBIRR H/CENTER","SEBI1588","Plate 11","S_ETHIOPIA","MERAB ABAYA","allege",19,"female","no","yes","yes","coartem","yes","pf",NA,0.718213058,1,0.927487352,1,0.929306795,0.737389123,0.035574156,1,0.95979021,1,0,0,0,"wildtype",0,0,0,5,5,"SEBI1588"
"SEBI1590","SEBI1590","S_ETHIOPIA","hrp2+/hrp3+","hrp2+/hrp3+","hrp2+/hrp3+","MERAB ABAYA","BIRBIRR H/CENTER","SEBI1590","Plate 11","S_ETHIOPIA","MERAB ABAYA","allege",16,"male",NA,"yes","yes","coartem","yes","pf",NA,1,1,1,1,1,1,0,1,1,1,0,0,0,"wildtype",0,0,0,1,1,"SEBI1590"
"SEBI1542","SEBI1542","S_ETHIOPIA","hrp2+/hrp3+","hrp2+/hrp3+","hrp2+/hrp3+","MERAB ABAYA","BIRBIRR H/CENTER","SEBI1542","Plate 11","S_ETHIOPIA","MERAB ABAYA","birbir",12,"male",NA,"yes","yes",NA,NA,"pf",NA,1,0,1,1,1,1,0,1,1,1,0,0,0,"wildtype",0,0,0,1,1,"SEBI1542"
"SEBI1521","SEBI1521","S_ETHIOPIA","hrp2+/hrp3+","hrp2+/hrp3+","hrp2+/hrp3+","MERAB ABAYA","BIRBIRR H/CENTER","SEBI1521","Plate 11","S_ETHIOPIA","MERAB ABAYA","birbir",3,"female","no","yes","yes",NA,"no","pf",NA,1,1,1,1,1,1,0,1,1,1,0,0,0,"wildtype",0,0,0,1,1,"SEBI1521"
"SEBI1530","SEBI1530","S_ETHIOPIA","hrp2+/hrp3+","hrp2+/hrp3+","hrp2+/hrp3+","MERAB ABAYA","BIRBIRR H/CENTER","SEBI1530","Plate 11","S_ETHIOPIA","MERAB ABAYA","birbir",5,"male",NA,"yes","yes","Chloroquine","yes","pf",NA,0.042748092,1,0.979166667,1,0.975585938,0.897403286,0,1,0.083016257,1,0,0,0,"wildtype",0,0,0,2,2,"SEBI1530"
"SEBI1533","SEBI1533","S_ETHIOPIA","hrp2+/hrp3+","hrp2+/hrp3+","hrp2+/hrp3+","MERAB ABAYA","BIRBIRR H/CENTER","SEBI1533","Plate 11","S_ETHIOPIA","MERAB ABAYA","birbir",35,"female","no","yes","yes","coartem","no","pf",NA,1,1,1,1,1,1,0,1,1,1,0,0,0,"wildtype",0,0,0,2,2,"SEBI1533"
"SEBI1547","SEBI1547","S_ETHIOPIA","hrp2+/hrp3+","hrp2+/hrp3+","hrp2+/hrp3+","MERAB ABAYA","BIRBIRR H/CENTER","SEBI1547","Plate 11","S_ETHIOPIA","MERAB ABAYA","birbir",9,"female","no","yes","yes","coartem","yes","pf",NA,1,1,1,1,1,1,0,1,1,1,0,0,0,"wildtype",0,0,0,1,1,"SEBI1547"
"SEBI1559","SEBI1559","S_ETHIOPIA","hrp2+/hrp3+","hrp2+/hrp3+","hrp2+/hrp3+","MERAB ABAYA","BIRBIRR H/CENTER","SEBI1559","Plate 11","S_ETHIOPIA","MERAB ABAYA","birbir",26,"female","no","yes","yes","coartem","yes","pf",NA,1,1,1,1,1,1,0,1,1,1,0,0.142663482,0,"wildtype",0,0,0,1,1,"SEBI1559"
"SEBI1566","SEBI1566","S_ETHIOPIA","hrp2+/hrp3+","hrp2+/hrp3+","hrp2+/hrp3+","MERAB ABAYA","BIRBIRR H/CENTER","SEBI1566","Plate 11","S_ETHIOPIA","MERAB ABAYA","birbir",23,"female","no","yes","yes","coartem","yes","pf",NA,1,1,0.956531937,1,1,1,0,1,1,1,0,0,0,"wildtype",0,0,0,4,4,"SEBI1566"
"SEBI1569","SEBI1569","S_ETHIOPIA","hrp2+/hrp3+","hrp2+/hrp3+","hrp2+/hrp3+","MERAB ABAYA","BIRBIRR H/CENTER","SEBI1569","Plate 11","S_ETHIOPIA","MERAB ABAYA","birbir",25,"female","no","yes","yes","Chloroquine","no","pf",NA,0.970863684,0,1,1,1,0.939677068,0,1,0.965903037,1,0,0,0,"wildtype",0,0,0,1,1,"SEBI1569"
"SEBI1585","SEBI1585","S_ETHIOPIA","hrp2+/hrp3+","hrp2+/hrp3+","hrp2+/hrp3+","MERAB ABAYA","BIRBIRR H/CENTER","SEBI1585","Plate 11","S_ETHIOPIA","MERAB ABAYA","birbir",19,"male",NA,"yes","no",NA,"no","pf",NA,1,1,0,1,1,1,0,1,1,1,0,0,0,"wildtype",0,0,0,1,1,"SEBI1585"
"SEBI1589","SEBI1589","S_ETHIOPIA","hrp2+/hrp3+","hrp2+/hrp3+","hrp2+/hrp3+","MERAB ABAYA","BIRBIRR H/CENTER","SEBI1589","Plate 11","S_ETHIOPIA","MERAB ABAYA","birbir",13,"male",NA,"yes","yes","coartem","yes","pf",NA,1,1,0,1,1,1,0,1,1,1,0,0,0,"wildtype",0,0,0,1,1,"SEBI1589"
"SEBI1591","SEBI1591","S_ETHIOPIA","hrp2+/hrp3+","hrp2+/hrp3+","hrp2+/hrp3+","MERAB ABAYA","BIRBIRR H/CENTER","SEBI1591","Plate 11","S_ETHIOPIA","MERAB ABAYA","birbir",25,"female","no","yes","yes","Chloroquine","yes","pf",NA,1,1,0.708985248,1,1,1,0,1,1,1,0,0,0,"wildtype",0,0,0,2,2,"SEBI1591"
"SEBI1501","SEBI1501","S_ETHIOPIA","hrp2+/hrp3+","hrp2+/hrp3+","hrp2+/hrp3+","MERAB ABAYA","BIRBIRR H/CENTER","SEBI1501","Plate 11","S_ETHIOPIA","MERAB ABAYA","deblo",8,"female","no","yes","yes","coartem","no","pf",NA,1,1,1,1,1,1,0,1,1,1,0,0,0,"wildtype",0,0,0,1,1,"SEBI1501"
"SEBI1523","SEBI1523","S_ETHIOPIA","hrp2+/hrp3+","hrp2+/hrp3+","hrp2+/hrp3+","MERAB ABAYA","BIRBIRR H/CENTER","SEBI1523","Plate 11","S_ETHIOPIA","MERAB ABAYA","k/baran",18,"female","no","yes","yes","coartem","no","pf",NA,1,0.873395804,1,1,1,1,0,1,1,1,0,0.193889542,0,"wildtype",0,0,0,5,5,"SEBI1523"
"SEBI1511","SEBI1511","S_ETHIOPIA","hrp2+/hrp3+","hrp2+/hrp3+","hrp2+/hrp3+","MERAB ABAYA","BIRBIRR H/CENTER","SEBI1511","Plate 11","S_ETHIOPIA","MERAB ABAYA","molle",25,"female","yes","yes",NA,NA,"no","pf",NA,1,1,1,1,1,1,0,1,1,1,0,0,0,"wildtype",0,0,0,3,3,"SEBI1511"
"SEBI1553","SEBI1553","S_ETHIOPIA","hrp2+/hrp3+","hrp2+/hrp3+","hrp2+/hrp3+","MERAB ABAYA","BIRBIRR H/CENTER","SEBI1553","Plate 11","S_ETHIOPIA","MERAB ABAYA","molle",6,"male",NA,"yes","no",NA,"no","pf",NA,1,1,1,1,1,1,0,1,1,1,0,0,0,"wildtype",0,0,0,1,1,"SEBI1553"
"SEBI1543","SEBI1543","S_ETHIOPIA","hrp2+/hrp3+","hrp2+/hrp3+","hrp2+/hrp3+","MERAB ABAYA","BIRBIRR H/CENTER","SEBI1543","Plate 11","S_ETHIOPIA","MERAB ABAYA","ugayehu",15,"male",NA,"yes","no",NA,"no","pf",NA,1,1,0,1,1,1,0,1,1,1,0,0,0,"wildtype",0,0,0,1,1,"SEBI1543"
"SEBI1549","SEBI1549","S_ETHIOPIA","hrp2+/hrp3+","hrp2+/hrp3+","hrp2+/hrp3+","MERAB ABAYA","BIRBIRR H/CENTER","SEBI1549","Plate 11","S_ETHIOPIA","MERAB ABAYA","ugayehu",8,"male",NA,"yes","yes","coartem","yes","pf",NA,1,1,1,1,1,1,0,1,1,1,0,0,0,"wildtype",0,0,0,1,1,"SEBI1549"
"SEBI1556","SEBI1556","S_ETHIOPIA","hrp2+/hrp3+","hrp2+/hrp3+","hrp2+/hrp3+","MERAB ABAYA","BIRBIRR H/CENTER","SEBI1556","Plate 11","S_ETHIOPIA","MERAB ABAYA","ugayehu",19,"female","no","yes","no",NA,"no","pf",NA,0,1,0.806605575,1,0.213562307,0.212194056,0,1,1,1,0,0,0,"wildtype",0,0,0,2,2,"SEBI1556"
"SEBI1580","SEBI1580","S_ETHIOPIA","hrp2+/hrp3+","hrp2+/hrp3+","hrp2+/hrp3+","MERAB ABAYA","BIRBIRR H/CENTER","SEBI1580","Plate 11","S_ETHIOPIA","MERAB ABAYA","yayike",13,"male",NA,"yes","no",NA,"no","pf",NA,1,1,1,1,1,1,0,1,1,1,0,0,0,"wildtype",0,0,0,1,1,"SEBI1580"
"SILR5517","SILR5517","SIDAMA","hrp2+/hrp3+","hrp2+/hrp3+","hrp2+/hrp3+","TULLA","GARA RIKATA H/CENTER","SILR5517","Plate 21","SIDAMA","TULLA","Aruma",27,"male",NA,"yes","yes","coartem","yes","pf",NA,1,1,1,1,1,1,0,1,1,1,0,0,0,"wildtype",0,0,0,1,1,"SILR5517"
"SILR5505","SILR5505","SIDAMA","hrp2+/hrp3+","hrp2+/hrp3+","hrp2+/hrp3+","TULLA","GARA RIKATA H/CENTER","SILR5505","Plate 21","SIDAMA","TULLA","Hawela wondo",20,"male",NA,"yes","yes","coartem","no","pf",NA,1,1,1,1,1,1,0,1,1,1,0,0,0,"wildtype",0,0,0,1,1,"SILR5505"
"SNDI071901","SNDI071901","S_ETHIOPIA",NA,NA,"hrp2+/Possible hrp3 deletion","DILLA","DILLA H/CENTER","SNDI071901","Plate 14","S_ETHIOPIA","DILLA","Dilla",25,"female","no","yes","no",NA,"no","pf",NA,1,0.964823298,0,1,1,0.933291835,0,1,1,1,0,1,0,"wildtype",0,0,0,2,2,"SNDI071901"
"SNDI071907","SNDI071907","S_ETHIOPIA",NA,NA,"hrp2+/Possible hrp3 deletion","DILLA","DILLA H/CENTER","SNDI071907","Plate 14","S_ETHIOPIA","DILLA","Dilla",25,"male",NA,"yes","no",NA,"no","pf",NA,1,1,1,1,1,1,0,1,1,1,0,0,0,"wildtype",0,0,0,1,1,"SNDI071907"
"DILE6076","DILE6076","DIRE DAWA",NA,NA,"hrp2+/Possible hrp3 deletion","DIRE DAWA","LEGEHARE H/CENTER","dile6076","Plate 14","DIRE DAWA","DIRE DAWA","dire dawa",16,"female","no","yes","no",NA,"no","pf",720,1,1,1,1,1,1,0,1,1,1,0,0,0,"wildtype",0,0,0,1,1,"DILE6076"
"DILE6076","DILE6076","DIRE DAWA",NA,NA,"hrp2+/Possible hrp3 deletion","DIRE DAWA","LEGEHARE H/CENTER","dile6076","Plate 14","DIRE DAWA","DIRE DAWA","dire dawa",32,"male",NA,"yes","no",NA,"no","pf",729,1,1,1,1,1,1,0,1,1,1,0,0,0,"wildtype",0,0,0,1,1,"DILE6076"
"DILE6083","DILE6083","DIRE DAWA",NA,NA,"hrp2+/Possible hrp3 deletion","DIRE DAWA","LEGEHARE H/CENTER","dile6083","Plate 14","DIRE DAWA","DIRE DAWA","dire dawa",33,"male",NA,"yes","no",NA,"yes","pf",810,1,1,1,1,1,1,0,1,1,1,0,0,0,"wildtype",0,0,0,1,1,"DILE6083"
"AMJI031340","AMJI031340","AMHARA",NA,NA,"hrp2+/Possible hrp3 deletion","JABIE","Jiga h/c","AMJI031340","Plate 21","AMHARA","JABIE","yelmder",45,"female","no","yes","no",NA,"no","pf",620,0,1,0,1,1,1,0,1,0,1,0,0,0,"wildtype",0,0,0,2,2,"AMJI031340"
"SEBI1508","SEBI1508","S_ETHIOPIA",NA,NA,"hrp2+/Possible hrp3 deletion","MERAB ABAYA","BIRBIRR H/CENTER","SEBI1508","Plate 11","S_ETHIOPIA","MERAB ABAYA","allege",20,"male",NA,"yes","yes","coartem","no","pf",NA,1,0,1,1,1,1,0,1,1,1,0,0,0,"wildtype",0,0,0,1,1,"SEBI1508"
"SEBI1513","SEBI1513","S_ETHIOPIA",NA,NA,"hrp2+/Possible hrp3 deletion","MERAB ABAYA","BIRBIRR H/CENTER","SEBI1513","Plate 11","S_ETHIOPIA","MERAB ABAYA","allege",11,"male",NA,"yes","yes","coartem","yes","pf",NA,0.973512907,1,1,1,1,1,0,1,1,1,0,0,0,"wildtype",0,0,0,1,1,"SEBI1513"
"SEBI1535","SEBI1535","S_ETHIOPIA",NA,NA,"hrp2+/Possible hrp3 deletion","MERAB ABAYA","BIRBIRR H/CENTER","SEBI1535","Plate 11","S_ETHIOPIA","MERAB ABAYA","birbir",17,"female","no","yes","yes","coartem","no","pf",NA,1,1,1,1,1,1,0,1,1,1,0,0,0,"wildtype",0,0,0,1,1,"SEBI1535"
"SEBI1546","SEBI1546","S_ETHIOPIA",NA,NA,"hrp2+/Possible hrp3 deletion","MERAB ABAYA","BIRBIRR H/CENTER","SEBI1546","Plate 11","S_ETHIOPIA","MERAB ABAYA","birbir",20,"female","no","yes","no",NA,"no","pf",NA,1,1,1,1,1,1,0,1,1,1,0,0,0,"wildtype",0,0,0,1,1,"SEBI1546"
"SEBI1578","SEBI1578","S_ETHIOPIA",NA,NA,"hrp2+/Possible hrp3 deletion","MERAB ABAYA","BIRBIRR H/CENTER","SEBI1578","Plate 11","S_ETHIOPIA","MERAB ABAYA","birbir",25,"female","no","yes","yes","Chloquine","yes","pf",NA,NA,1,1,1,1,0.975602877,0,1,1,1,0,0,0,"wildtype",0,0,0,1,1,"SEBI1578"
"SEBI1587","SEBI1587","S_ETHIOPIA",NA,NA,"hrp2+/Possible hrp3 deletion","MERAB ABAYA","BIRBIRR H/CENTER","SEBI1587","Plate 11","S_ETHIOPIA","MERAB ABAYA","birbir",35,"male",NA,"yes","yes","coartem","yes","pf",NA,1,1,1,1,1,1,0,1,1,1,0,0,0,"wildtype",0,0,0,1,1,"SEBI1587"
"SILR5501","SILR5501","SIDAMA",NA,NA,"hrp2+/Possible hrp3 deletion","TULLA","GARA RIKATA H/CENTER","SILR5501","Plate 21","SIDAMA","TULLA","Abela",28,"male",NA,"yes","yes","pcm","no","pf",NA,1,1,1,1,1,1,0,1,1,1,0,0,1,"wildtype",0,0,0,1,1,"SILR5501"
"AMAN031018","AMAN031018","AMHARA",NA,NA,"NA/NA","BAHIR DAR ZURIA","ANDASA H/CENTER","AMAN031018","Plate 10","AMHARA","BAHIR DAR ZURIA","yemushet",25,"female","no","yes","yes","coartem","no","pf",NA,0.895238095,0.959214502,0.959214502,1,0.965255448,1,0.938937351,1,1,1,0,0,0,"wildtype",0,0,0,1,1,"AMAN031018"
"DILE6080","DILE6080","DIRE DAWA",NA,NA,"NA/NA","DIRE DAWA","LEGEHARE H/CENTER","dile6080","Plate 14","DIRE DAWA","DIRE DAWA","dire dawa",20,"male",NA,"yes","yes",NA,"no","pf",1211,0,0,0,NA,NA,1,NA,1,0.958917589,NA,NA,NA,0,"wildtype",0,NA,NA,1,1,"DILE6080"
"SEBI1563","SEBI1563","S_ETHIOPIA",NA,NA,"NA/NA","MERAB ABAYA","BIRBIRR H/CENTER","SEBI1563","Plate 11","S_ETHIOPIA","MERAB ABAYA","allege",32,"male",NA,"yes","no",NA,"yes","pf",NA,1,1,0.901398049,NA,NA,1,NA,NA,1,NA,NA,NA,0,"wildtype",0,NA,NA,3,3,"SEBI1563"
"SILR5521","SILR5521","SIDAMA",NA,NA,"NA/NA","TULLA","GARA RIKATA H/CENTER","SILR5521","Plate 21","SIDAMA","TULLA","Hawela wondo",25,"female","no","yes","yes","coartem","no","pf",NA,1,1,1,1,1,1,0,1,1,1,0,0,0,"wildtype",0,0,0,1,1,"SILR5521"
"SEBI1560","SEBI1560","S_ETHIOPIA",NA,NA,"Possible hrp2 deletion /hrp3+","MERAB ABAYA","BIRBIRR H/CENTER","SEBI1560","Plate 11","S_ETHIOPIA","MERAB ABAYA","ugayehu",60,"male",NA,"yes","yes","coartem","yes","pf",NA,1,1,1,1,1,1,0,1,1,1,0,0,0,"wildtype",0,0,0,1,1,"SEBI1560"
"AMAN030985","AMAN030985","AMHARA",NA,NA,"Possible hrp2 deletion/hrp3-","BAHIR DAR ZURIA","ANDASA H/CENTER","aman030985","Plate 10","AMHARA","BAHIR DAR ZURIA","andasa",27,"male",NA,"yes","no",NA,"no","pf",NA,1,1,0.977580317,1,1,1,0,1,1,1,0,0,0,"wildtype",0,0,0,1,1,"AMAN030985"
"AMAN030987","AMAN030987","AMHARA",NA,NA,"Possible hrp2 deletion/hrp3-","BAHIR DAR ZURIA","ANDASA H/CENTER","aman030987","Plate 10","AMHARA","BAHIR DAR ZURIA","gochia",40,"male",NA,"yes","yes","coartem","no","pf",NA,1,1,1,1,1,1,0,1,1,1,0,0,0,"wildtype",0,0,0,1,1,"AMAN030987"
"AMAN030947","AMAN030947","AMHARA",NA,NA,"Possible hrp2 deletion/hrp3-","BAHIR DAR ZURIA","ANDASA H/CENTER","aman030947","Plate 10","AMHARA","BAHIR DAR ZURIA","teneba",65,"male",NA,"yes","yes","coartem","no","pf",NA,1,1,1,1,1,0.978225806,0,1,1,1,0,0,0,"wildtype",0,0,0,1,1,"AMAN030947"
"AMAN030993","AMAN030993","AMHARA",NA,NA,"Possible hrp2 deletion/hrp3-","BAHIR DAR ZURIA","ANDASA H/CENTER","aman030993","Plate 10","AMHARA","BAHIR DAR ZURIA","tigeza",30,NA,NA,"yes","yes","coartem","no","pf",NA,1,1,1,1,1,1,0,1,1,1,0,0,0,"wildtype",0,0,0,1,1,"AMAN030993"
"AMAN030977","AMAN030977","AMHARA",NA,NA,"Possible hrp2 deletion/hrp3-","BAHIR DAR ZURIA","ANDASA H/CENTER","aman030977","Plate 10","AMHARA","BAHIR DAR ZURIA","tsebel",19,"male",NA,"yes","yes","coartem","no","pf",NA,1,1,0.973285818,1,1,1,0,1,1,1,0,0,0,"wildtype",0,0,0,1,1,"AMAN030977"
"AMAN030932","AMAN030932","AMHARA",NA,NA,"Possible hrp2 deletion/hrp3+","BAHIR DAR ZURIA","ANDASA H/CENTER","aman030932","Plate 10","AMHARA","BAHIR DAR ZURIA","yemushet",18,"male",NA,"yes","no",NA,"no","pf",NA,0.83982684,1,0.969744318,1,1,0.933633296,0,1,1,1,0,0,0,"wildtype",0,0,0,2,2,"AMAN030932"
"SEBI1552","SEBI1552","S_ETHIOPIA",NA,NA,"Possible hrp2 deletion/hrp3+","MERAB ABAYA","BIRBIRR H/CENTER","SEBI1552","Plate 11","S_ETHIOPIA","MERAB ABAYA","molle",12,"female","no","yes","yes","Chloroquine","yes","pf",NA,1,1,1,1,1,1,0,1,1,1,0,0,0,"wildtype",0,0,0,2,2,"SEBI1552"
"AMWO031586","AMWO031586","AMHARA",NA,NA,"Possible hrp2 deletion/hrp3+","WORETA","WORETA H/CENTER","AMWO031586","Plate 14","AMHARA","WORETA","angiro",28,"female","no","yes","no",NA,"no","pf",NA,0,1,1,1,1,1,0,1,1,1,0,0,0,"wildtype",0,0,0,1,1,"AMWO031586"
"AMAN030976","AMAN030976","AMHARA","hrp2+/hrp3-","hrp2+/hrp3-","hrp2+/hrp3-","BAHIR DAR ZURIA","ANDASA H/CENTER","aman030976","Plate 10","AMHARA","BAHIR DAR ZURIA","andasa",35,"female","no","yes","yes","coartem","no","pf",NA,0.978089254,1,0,1,1,0.970446735,0,1,1,1,0,0,0,"mutant",0.024422617,0,0,2,2,"AMAN030976"
"TGYE3709","TGYE3709","TIGRAY","hrp2+/hrp3-","hrp2+/hrp3-","hrp2+/hrp3-","ABERGELEYECHILA","YECHILA P/HOSPITAL","TGYE3709","Plate 14","TIGRAY","ABERGELEYECHILA","A_yechila",31,"female","no","yes","no",NA,"no","pf",NA,0.067700987,1,0,1,1,1,0,1,1,1,0,0,0,"mutant",0.026864035,0,0,2,2,"TGYE3709"
"AMAN030953","AMAN030953","AMHARA","hrp2+/hrp3-","hrp2+/hrp3-","hrp2+/hrp3-","BAHIR DAR ZURIA","ANDASA H/CENTER","aman030953","Plate 10","AMHARA","BAHIR DAR ZURIA","tsebel",45,"male",NA,"yes","yes","coartem","no","pf",NA,0.916994411,1,0.877627885,1,1,1,0,1,1,1,0,0,0,"mutant",0.07168784,0,0,2,2,"AMAN030953"
"TGYE3694","TGYE3694","TIGRAY",NA,NA,"Possible hrp2 deletion/hrp3+","ABERGELEYECHILA","YECHILA P/HOSPITAL","TGYE3694","Plate 14","TIGRAY","ABERGELEYECHILA","A_yechila",4,"male",NA,"yes","no",NA,"no","pf",NA,0,1,0,1,0.121907422,0.09970316,0,1,1,1,0,0,0,"mutant",0.079143389,0,0,2,2,"TGYE3694"
"DILE6087","DILE6087","DIRE DAWA","hrp2+/hrp3-","hrp2+/hrp3-","hrp2+/hrp3-","DIRE DAWA","LEGEHARE H/CENTER","dile6087","Plate 14","DIRE DAWA","DIRE DAWA","dire dawa",25,"male",NA,"yes","no",NA,"no","pf",526,1,1,1,1,1,1,0,1,1,1,0,0,0,"mutant",0.162436548,0,0,3,3,"DILE6087"
"TGYE3702","TGYE3702","TIGRAY","hrp2+/hrp3-","hrp2+/hrp3-","hrp2+/hrp3-","ABERGELEYECHILA","YECHILA P/HOSPITAL","TGYE3702","Plate 14","TIGRAY","ABERGELEYECHILA","mearey",30,"male",NA,"yes","yes",NA,NA,"pf",NA,0,1,0,1,0.762269659,0.725991711,0,1,1,1,0,0,0,"mutant",0.309278351,0,0,1,1,"TGYE3702"
"AMAN030945","AMAN030945","AMHARA","hrp2+/hrp3-","hrp2+/hrp3-","hrp2+/hrp3-","BAHIR DAR ZURIA","ANDASA H/CENTER","aman030945","Plate 10","AMHARA","BAHIR DAR ZURIA","tsebel",18,"female","no","yes","no",NA,"no","pf",NA,0.604458918,1,0.618304442,1,0.94128924,0.906246104,0,1,1,1,0,0,0,"mutant",0.387252535,0,0,7,7,"AMAN030945"
"AMAN030942","AMAN030942","AMHARA","hrp2+/hrp3+","hrp2+/hrp3+","hrp2+/hrp3+","BAHIR DAR ZURIA","ANDASA H/CENTER","aman030942","Plate 10","AMHARA","BAHIR DAR ZURIA","gochia",50,"male",NA,"yes","yes","coartem","no","pf",NA,0.255416192,0.955920484,0.737770095,1,0.773446546,0.709906635,0.0265625,1,0.935401343,NA,0,0,0,"mutant",0.425061425,0,0,9,9,"AMAN030942"
"AMAN030941","AMAN030941","AMHARA","hrp2+/hrp3+","hrp2+/hrp3+","hrp2+/hrp3+","BAHIR DAR ZURIA","ANDASA H/CENTER","aman030941","Plate 10","AMHARA","BAHIR DAR ZURIA","teneba",35,"male",NA,"yes","yes",NA,"no","pf",NA,0.35235732,0.909817999,0.555828453,1,0.742966142,0.67562847,0.026455026,1,0.945682451,1,0,0,0,"mutant",0.438202247,0,0,10,10,"AMAN030941"
"AMAN030994","AMAN030994","AMHARA","hrp2-/hrp3-","hrp2-/hrp3-","hrp2-/hrp3-","BAHIR DAR ZURIA","ANDASA H/CENTER","aman030994","Plate 10","AMHARA","BAHIR DAR ZURIA","andasa",48,"male",NA,"yes","yes","coartem","no","pf",NA,1,1,0.365933286,1,1,1,0,1,1,1,0,0,0,"mutant",0.640091116,0,0,2,2,"AMAN030994"
"AMAN030999","AMAN030999","AMHARA","hrp2-/hrp3-","hrp2-/hrp3-","hrp2-/hrp3-","BAHIR DAR ZURIA","ANDASA H/CENTER","aman030999","Plate 10","AMHARA","BAHIR DAR ZURIA","tikurit",15,"male",NA,"yes","yes",NA,"no","pf",NA,1,1,0.334250955,1,1,1,0,1,1,1,0,0,0,"mutant",0.675421209,0,0,2,2,"AMAN030999"
"AMAN030940","AMAN030940","AMHARA","hrp2+/hrp3+","hrp2+/hrp3+","hrp2+/hrp3+","BAHIR DAR ZURIA","ANDASA H/CENTER","aman030940","Plate 10","AMHARA","BAHIR DAR ZURIA","andasa",21,"female","no","yes","no",NA,"no","pf",NA,0.826487252,0.972508352,0.656806793,1,0.959356247,0.856641684,0,1,1,1,0,0,0,"mutant",0.696103896,0,0,4,4,"AMAN030940"
"AMAN030998","AMAN030998","AMHARA","hrp2-/hrp3-","hrp2-/hrp3-","hrp2-/hrp3-","BAHIR DAR ZURIA","ANDASA H/CENTER","aman030998","Plate 10","AMHARA","BAHIR DAR ZURIA","teneba",48,"female","no","yes","yes","coartem","no","pf",NA,0.832054176,1,0.310563883,1,0.962561232,0.906487538,0,1,1,1,0,0,0,"mutant",0.70031463,0,0,3,3,"AMAN030998"
"AMAN030997","AMAN030997","AMHARA","hrp2-/hrp3-","hrp2-/hrp3-","hrp2-/hrp3-","BAHIR DAR ZURIA","ANDASA H/CENTER","aman030997","Plate 10","AMHARA","BAHIR DAR ZURIA","gacha",20,"female","no","yes","no",NA,"no","pf",NA,1,1,0.286134608,1,1,1,0,1,1,1,0,0,0,"mutant",0.736046512,0,0,2,2,"AMAN030997"
"AMAN030996","AMAN030996","AMHARA","hrp2-/hrp3-","hrp2-/hrp3-","hrp2-/hrp3-","BAHIR DAR ZURIA","ANDASA H/CENTER","aman030996","Plate 10","AMHARA","BAHIR DAR ZURIA","andasa",35,"female","no","yes","yes","Chloroquine","no","pf",NA,1,1,0.237691614,1,1,1,0,1,1,1,0,0,0,"mutant",0.7515625,0,0,2,2,"AMAN030996"
"AMAN030995","AMAN030995","AMHARA","hrp2-/hrp3-","hrp2-/hrp3-","hrp2-/hrp3-","BAHIR DAR ZURIA","ANDASA H/CENTER","aman030995","Plate 10","AMHARA","BAHIR DAR ZURIA","andasa",45,"male",NA,"yes","yes",NA,"no","pf",NA,1,1,0.211809674,1,1,1,0,1,1,1,0,0,0,"mutant",0.758496601,0,0,2,2,"AMAN030995"
"AMAN031000","AMAN031000","AMHARA","hrp2-/hrp3-","hrp2-/hrp3-","hrp2-/hrp3-","BAHIR DAR ZURIA","ANDASA H/CENTER","AMAN031000","Plate 10","AMHARA","BAHIR DAR ZURIA","teneba",18,"male",NA,"yes","no",NA,"no","pf",NA,1,1,0.15147732,1,1,1,0,1,1,1,0,0,0,"mutant",0.836570477,0,0,2,2,"AMAN031000"
"AMAN030938","AMAN030938","AMHARA","hrp2+/hrp3+","hrp2+/hrp3+","hrp2+/hrp3+","BAHIR DAR ZURIA","ANDASA H/CENTER","aman030938","Plate 10","AMHARA","BAHIR DAR ZURIA","dingay debelo",60,"male",NA,"yes","yes","coartem","no","pf",NA,0.782830429,1,0.649400328,1,0.950650468,0.69988576,0,1,1,1,0,0,0,"mutant",0.855136733,0,0,7,7,"AMAN030938"
"TGYE3691","TGYE3691","TIGRAY",NA,NA,"hrp2+/Possible hrp3 deletion","ABERGELEYECHILA","YECHILA P/HOSPITAL","TGYE3691","Plate 14","TIGRAY","ABERGELEYECHILA","E/Rufael",28,"female","yes","yes","no",NA,"no","pf",NA,0.033661315,1,0,1,1,1,0,1,1,1,0,0,0,"mutant",0.874813711,0,0,3,3,"TGYE3691"
"AMAN030939","AMAN030939","AMHARA","hrp2+/hrp3+","hrp2+/hrp3+","hrp2+/hrp3+","BAHIR DAR ZURIA","ANDASA H/CENTER","aman030939","Plate 10","AMHARA","BAHIR DAR ZURIA","yemushet",18,"female","no","yes","yes","Chloroquine","no","pf",NA,0.939289805,1,0.718335788,1,0.963029067,0.786301528,0,1,1,1,0,0,0,"mutant",0.92228739,0,0,2,2,"AMAN030939"
"AMAN030961","AMAN030961","AMHARA","hrp2+/hrp3-","hrp2+/hrp3-","hrp2+/hrp3-","BAHIR DAR ZURIA","ANDASA H/CENTER","aman030961","Plate 10","AMHARA","BAHIR DAR ZURIA","andasa",12,"male",NA,"yes","no",NA,"no","pf",NA,0.934934397,1,0.057698905,1,1,1,1,1,1,1,0,0,0,"mutant",0.925216822,0,0,1,1,"AMAN030961"
"TGYE3708","TGYE3708","TIGRAY","hrp2+/hrp3-","hrp2+/hrp3-","hrp2+/hrp3-","ABERGELEYECHILA","YECHILA P/HOSPITAL","TGYE3708","Plate 14","TIGRAY","ABERGELEYECHILA","A_yechila",7,"female",NA,"yes","no",NA,NA,"pf",NA,0,1,0,1,1,1,0,1,1,1,0,0,0,"mutant",0.943005181,0,0,4,3,"TGYE3708"
"AMAN030937","AMAN030937","AMHARA",NA,NA,"hrp2+/Possible hrp3 deletion","BAHIR DAR ZURIA","ANDASA H/CENTER","aman030937","Plate 10","AMHARA","BAHIR DAR ZURIA","B/Mariam",32,"male",NA,"yes","no",NA,"no","pf",NA,0.868331543,1,0.845217621,1,1,1,0,1,1,1,0,0,0,"mutant",0.955007257,0,0,1,1,"AMAN030937"
"AMAN030969","AMAN030969","AMHARA",NA,NA,"Possible hrp2 deletion/hrp3-","BAHIR DAR ZURIA","ANDASA H/CENTER","aman030969","Plate 10","AMHARA","BAHIR DAR ZURIA","yemushet",20,"male",NA,"yes","no",NA,"no","pf",NA,1,1,0,1,1,1,0,1,1,1,0,0,0,"mutant",0.95786126,0,0,1,1,"AMAN030969"
"AMAN030929","AMAN030929","AMHARA",NA,NA,"hrp2+/Possible hrp3 deletion","BAHIR DAR ZURIA","ANDASA H/CENTER","aman030929","Plate 10","AMHARA","BAHIR DAR ZURIA","andasa",12,"male",NA,"yes","no",NA,"no","pf",NA,0.044329675,1,0.03322223,1,1,1,0,1,1,1,0,0,0,"mutant",0.97437575,0,0,1,1,"AMAN030929"
"AMAN030934","AMAN030934","AMHARA","hrp2-/hrp3-","hrp2-/hrp3-","hrp2-/hrp3-","BAHIR DAR ZURIA","ANDASA H/CENTER","aman030934","Plate 10","AMHARA","BAHIR DAR ZURIA","andasa",24,"male",NA,"yes","no",NA,"no","pf",NA,0,1,0,1,1,1,0,1,1,1,0,0,0,"mutant",0.979038224,0,0,1,1,"AMAN030934"
"AMAN030967","AMAN030967","AMHARA","hrp2-/hrp3-","hrp2-/hrp3-","hrp2-/hrp3-","BAHIR DAR ZURIA","ANDASA H/CENTER","aman030967","Plate 10","AMHARA","BAHIR DAR ZURIA","andasa",5,"male",NA,"yes","yes","coartem","no","pf",NA,1,1,0,1,1,1,0,1,1,1,0,0,0,"mutant",1,0,0,1,1,"AMAN030967"
"AMAN030968","AMAN030968","AMHARA","hrp2-/hrp3-","hrp2-/hrp3-","hrp2-/hrp3-","BAHIR DAR ZURIA","ANDASA H/CENTER","aman030968","Plate 10","AMHARA","BAHIR DAR ZURIA","andasa",30,"female","yes","yes","yes","coartem","no","pf",NA,1,1,0,1,1,1,0,1,1,1,0,0,0,"mutant",1,0,0,1,1,"AMAN030968"
"AMAN031001","AMAN031001","AMHARA","hrp2-/hrp3-","hrp2-/hrp3-","hrp2-/hrp3-","BAHIR DAR ZURIA","ANDASA H/CENTER","AMAN031001","Plate 10","AMHARA","BAHIR DAR ZURIA","tsebei",18,"female","no","yes","yes","coartem","no","pf",NA,1,1,0,1,1,1,0,1,1,1,0,0,0,"mutant",1,0,0,1,1,"AMAN031001"
"AMAN031002","AMAN031002","AMHARA","hrp2-/hrp3-","hrp2-/hrp3-","hrp2-/hrp3-","BAHIR DAR ZURIA","ANDASA H/CENTER","AMAN031002","Plate 10","AMHARA","BAHIR DAR ZURIA","yigama",12,"female",NA,"yes","yes","coartem","no","pf",NA,1,1,0,1,1,1,0,1,1,1,0,0,0,"mutant",1,0,0,1,1,"AMAN031002"
"AMAN031003","AMAN031003","AMHARA","hrp2-/hrp3-","hrp2-/hrp3-","hrp2-/hrp3-","BAHIR DAR ZURIA","ANDASA H/CENTER","AMAN031003","Plate 10","AMHARA","BAHIR DAR ZURIA","yigama",14,"female","no","yes","yes","Chloroquine","no","pf",NA,1,1,0,1,1,1,0,1,1,1,0,0,0,"mutant",1,0,0,1,1,"AMAN031003"
"AMHA4854","AMHA4854","AMHARA","hrp2-/hrp3-","hrp2-/hrp3-","hrp2-/hrp3-","KALLU","HARBU H/CENTER","AMHA4854","Plate 21","AMHARA","KALLU","harbu",21,"male",NA,"yes","no",NA,"no","pf",1600,1,1,0,1,0,0,0,1,1,1,0,0,0,"mutant",1,0,0,1,1,"AMHA4854"
"DILE6086","DILE6086","DIRE DAWA","hrp2-/hrp3-","hrp2-/hrp3-","hrp2-/hrp3-","DIRE DAWA","LEGEHARE H/CENTER","dile6086","Plate 14","DIRE DAWA","DIRE DAWA","dire dawa",35,"male",NA,"yes","no",NA,"no","pf",430,1,1,0,1,1,1,0,1,1,1,0,0,0,"mutant",1,0,0,1,1,"DILE6086"
"DILE6098","DILE6098","DIRE DAWA","hrp2-/hrp3+","hrp2-/hrp3+","hrp2-/hrp3+","DIRE DAWA","LEGEHARE H/CENTER","dile6098","Plate 14","DIRE DAWA","DIRE DAWA","dire dawa",23,"male",NA,"yes","no",NA,"yes","pf",2416,1,1,0,1,1,1,0,1,1,1,0,0,0,"mutant",1,0,0,1,1,"DILE6098"
"AMHA1708","AMHA1708","AMHARA","hrp2-/hrp3+","hrp2-/hrp3+","hrp2-/hrp3+","KALLU","HARBU H/CENTER","AMHA1708","Plate 21","AMHARA","KALLU","harbu",20,"male",NA,"yes","no",NA,"no","pf",13500,1,1,0,1,1,1,0,1,1,1,0,0,0,"mutant",1,0,0,1,1,"AMHA1708"
"SEBI1544","SEBI1544","S_ETHIOPIA",NA,NA,"hrp2-/Possible hrp3 deletion","MERAB ABAYA","BIRBIRR H/CENTER","SEBI1544","Plate 11","S_ETHIOPIA","MERAB ABAYA","birbir",5,"female",NA,"yes","yes","coartem","no","pf",NA,1,1,0,1,1,1,0,1,1,1,0,0,0,"mutant",1,0,0,1,1,"SEBI1544"
"TGYE3689","TGYE3689","TIGRAY","hrp2+/hrp3-","hrp2+/hrp3-","hrp2+/hrp3-","ABERGELEYECHILA","YECHILA P/HOSPITAL","TGYE3689","Plate 14","TIGRAY","ABERGELEYECHILA","A_yechila",18,"female","no","yes","no",NA,NA,"pf",NA,0.96875,1,0,1,1,1,0,1,1,1,0,0,0,"mutant",1,0,0,1,1,"TGYE3689"
"TGYE3699","TGYE3699","TIGRAY","hrp2+/hrp3-","hrp2+/hrp3-","hrp2+/hrp3-","ABERGELEYECHILA","YECHILA P/HOSPITAL","TGYE3699","Plate 14","TIGRAY","ABERGELEYECHILA","A_yechila",25,"female",NA,"yes","no",NA,"no","pf",NA,0,1,0,1,1,1,0,1,1,1,0,0,0,"mutant",1,0,0,2,2,"TGYE3699"
"TGYE3704","TGYE3704","TIGRAY","hrp2+/hrp3-","hrp2+/hrp3-","hrp2+/hrp3-","ABERGELEYECHILA","YECHILA P/HOSPITAL","TGYE3704","Plate 14","TIGRAY","ABERGELEYECHILA","A_yechila",10,"male",NA,"yes","no",NA,"no","pf",NA,0,1,0,1,1,1,0,1,1,1,0,0,0,"mutant",1,0,0,1,1,"TGYE3704"
"TGYE3698","TGYE3698","TIGRAY","hrp2+/hrp3-","hrp2+/hrp3-","hrp2+/hrp3-","ABERGELEYECHILA","YECHILA P/HOSPITAL","TGYE3698","Plate 14","TIGRAY","ABERGELEYECHILA","mearey",35,"male",NA,"yes","no",NA,"no","pf",NA,0.715019643,1,0,1,1,1,0,1,1,1,0,0,0,"mutant",1,0,0,1,1,"TGYE3698"
"TGYE3696","TGYE3696","TIGRAY","hrp2+/hrp3-","hrp2+/hrp3-","hrp2+/hrp3-","ABERGELEYECHILA","YECHILA P/HOSPITAL","TGYE3696","Plate 14","TIGRAY","ABERGELEYECHILA","N/Birhan",36,"male",NA,"yes","no",NA,"no","pf",NA,1,1,0.870501352,1,1,1,0,1,1,1,0,0,0,"mutant",1,0,0,1,1,"TGYE3696"
"TGYE3697","TGYE3697","TIGRAY","hrp2+/hrp3-","hrp2+/hrp3-","hrp2+/hrp3-","ABERGELEYECHILA","YECHILA P/HOSPITAL","TGYE3697","Plate 14","TIGRAY","ABERGELEYECHILA","yechila",10,"male",NA,"yes","no",NA,"no","pf",NA,1,1,0,1,1,1,0,1,1,1,0,0,0,"mutant",1,0,0,1,1,"TGYE3697"
"AMAN030956","AMAN030956","AMHARA","hrp2+/hrp3-","hrp2+/hrp3-","hrp2+/hrp3-","BAHIR DAR ZURIA","ANDASA H/CENTER","aman030956","Plate 10","AMHARA","BAHIR DAR ZURIA","nebir gedel",22,"female",NA,"yes","yes","Chloroquine","no","pf",NA,1,1,0,1,1,1,1,1,1,1,0,0,0,"mutant",1,0,0,1,1,"AMAN030956"
"AMAN030958","AMAN030958","AMHARA","hrp2+/hrp3-","hrp2+/hrp3-","hrp2+/hrp3-","BAHIR DAR ZURIA","ANDASA H/CENTER","aman030958","Plate 10","AMHARA","BAHIR DAR ZURIA","tigeza",60,"female",NA,"yes","yes","coartem","no","pf",NA,1,1,0,1,0.916878711,1,1,1,1,1,0,0,0,"mutant",1,0,0,1,1,"AMAN030958"
"AMAN030957","AMAN030957","AMHARA","hrp2+/hrp3-","hrp2+/hrp3-","hrp2+/hrp3-","BAHIRDARZURIA","ANDASA H/CENTER","aman030957","Plate 10","AMHARA","BAHIRDARZURIA","agdamit",38,"male",NA,"yes","no",NA,"no","pf",NA,1,1,0,1,1,0.966232853,1,1,1,1,0,0,0,"mutant",1,0,0,1,1,"AMAN030957"
"DILE6099","DILE6099","DIRE DAWA","hrp2+/hrp3-","hrp2+/hrp3-","hrp2+/hrp3-","DIRE DAWA","LEGEHARE H/CENTER","dile6099","Plate 14","DIRE DAWA","DIRE DAWA","dire dawa",25,"female","no","yes","no",NA,"no","pf",2213,1,1,0,1,1,1,0,1,1,1,0,0,0,"mutant",1,0,0,1,1,"DILE6099"
"AMJI031335","AMJI031335","AMHARA","hrp2+/hrp3-","hrp2+/hrp3-","hrp2+/hrp3-","JABIE","Jiga h/c","AMJI031335","Plate 21","AMHARA","JABIE","yelmder",26,"female","yes","yes","yes","coartem","no","pf",906,1,1,1,1,1,1,0,1,1,1,0,0,0,"mutant",1,0,0,1,1,"AMJI031335"
"TGYE3695","TGYE3695","TIGRAY","hrp2+/hrp3+","hrp2+/hrp3+","hrp2+/hrp3+","ABERGELEYECHILA","YECHILA P/HOSPITAL","TGYE3695","Plate 14","TIGRAY","ABERGELEYECHILA","A_yechila",24,"male",NA,"yes","no",NA,"no","pf",NA,0.157807309,1,0.149576363,1,1,1,0,1,1,1,0,0,0,"mutant",1,0,0,2,2,"TGYE3695"
"TGYE3693","TGYE3693","TIGRAY","hrp2+/hrp3+","hrp2+/hrp3+","hrp2+/hrp3+","ABERGELEYECHILA","YECHILA P/HOSPITAL","TGYE3693","Plate 14","TIGRAY","ABERGELEYECHILA","mearey",13,"male",NA,"yes","no",NA,"no","pf",NA,0,1,0.271408312,1,1,1,0,1,1,1,0,0,0,"mutant",1,0,0,1,1,"TGYE3693"
"TGYE3700","TGYE3700","TIGRAY","hrp2+/hrp3+","hrp2+/hrp3+","hrp2+/hrp3+","ABERGELEYECHILA","YECHILA P/HOSPITAL","TGYE3700","Plate 14","TIGRAY","ABERGELEYECHILA","mearey",31,"male",NA,"yes","no",NA,"no","pf",NA,0.463245492,1,0.57299926,1,0.834154827,0.84191947,0,1,1,1,0,0,0,"mutant",1,0,0,2,2,"TGYE3700"
"DILE6092","DILE6092","DIRE DAWA","hrp2+/hrp3+","hrp2+/hrp3+","hrp2+/hrp3+","DIRE DAWA","LEGEHARE H/CENTER","dile6092","Plate 14","DIRE DAWA","DIRE DAWA","dire dawa",15,"female","no","yes","no",NA,"no","pf",9101,1,1,0,1,1,1,0,1,1,1,0,0,0,"mutant",1,0,0,1,1,"DILE6092"
"TGYE3701","TGYE3701","TIGRAY",NA,NA,"hrp2+/Possible hrp3 deletion","ABERGELEYECHILA","YECHILA P/HOSPITAL","TGYE3701","Plate 14","TIGRAY","ABERGELEYECHILA","mearey",6,"female","no","yes",NA,NA,NA,"pf",NA,1,1,0,1,1,1,0,1,1,1,0,0,0,"mutant",1,0,0,1,1,"TGYE3701"
"AMAN030936","AMAN030936","AMHARA",NA,NA,"hrp2+/Possible hrp3 deletion","BAHIR DAR ZURIA","ANDASA H/CENTER","aman030936","Plate 10","AMHARA","BAHIR DAR ZURIA","andasa",36,"male",NA,"yes","no",NA,"no","pf",NA,1,1,1,1,1,1,0,1,1,1,0,0,0,"mutant",1,0,0,1,1,"AMAN030936"
"AMAN030964","AMAN030964","AMHARA",NA,NA,"Possible hrp2 deletion/hrp3-","BAHIR DAR ZURIA","ANDASA H/CENTER","aman030964","Plate 10","AMHARA","BAHIR DAR ZURIA","andasa",18,NA,NA,"yes","no",NA,"no","pf",NA,1,1,0,1,1,1,0,1,1,1,0,0,0,"mutant",1,NA,NA,1,1,"AMAN030964"
"AMAN031006","AMAN031006","AMHARA","hrp2-/hrp3-","hrp2-/hrp3-","hrp2-/hrp3-","BAHIR DAR ZURIA","ANDASA H/CENTER","AMAN031006","Plate 10","AMHARA","BAHIR DAR ZURIA","andasa",18,"male",NA,"yes","no",NA,"no","pf",NA,NA,NA,NA,NA,NA,NA,NA,NA,NA,NA,NA,NA,NA,NA,NA,NA,NA,NA,NA,"AMAN031006"
"AMAN030963","AMAN030963","AMHARA","hrp2-/hrp3-","hrp2-/hrp3-","hrp2-/hrp3-","BAHIR DAR ZURIA","ANDASA H/CENTER","aman030963","Plate 10","AMHARA","BAHIR DAR ZURIA","B/Mariam",20,"male",NA,"yes","no",NA,"no","pf",NA,NA,NA,NA,NA,NA,NA,NA,NA,NA,NA,NA,NA,NA,NA,NA,NA,NA,NA,NA,"AMAN030963"
"AMAN030970","AMAN030970","AMHARA","hrp2-/hrp3-","hrp2-/hrp3-","hrp2-/hrp3-","BAHIR DAR ZURIA","ANDASA H/CENTER","aman030970","Plate 10","AMHARA","BAHIR DAR ZURIA","yemushet",23,"male",NA,"yes","no",NA,"no","pf",NA,1,1,0.023368251,1,NA,1,NA,NA,1,NA,0,0,NA,NA,NA,NA,NA,1,1,"AMAN030970"
"AMAN030965","AMAN030965","AMHARA","hrp2-/hrp3-","hrp2-/hrp3-","hrp2-/hrp3-","BAHIR DAR ZURIA","ANDASA H/CENTER","aman030965","Plate 10","AMHARA","BAHIR DAR ZURIA","yigama",30,"female","yes","yes","yes","coartem","no","pf",NA,NA,1,0,1,NA,1,NA,NA,NA,NA,NA,NA,NA,NA,NA,NA,NA,NA,NA,"AMAN030965"
"AMHA4855","AMHA4855","AMHARA","hrp2-/hrp3-","hrp2-/hrp3-","hrp2-/hrp3-","KALLU","HARBU H/CENTER","AMHA4855","Plate 21","AMHARA","KALLU","Agmas",50,"female","no","yes","no",NA,"no","pf",6800,0.896613191,1,0.035529144,1,1,1,0,1,1,1,0,0,NA,NA,NA,0,0,1,1,"AMHA4855"
"AMHA1704","AMHA1704","AMHARA","hrp2-/hrp3-","hrp2-/hrp3-","hrp2-/hrp3-","KALLU","HARBU H/CENTER","AMHA1704","Plate 21","AMHARA","KALLU","harbu",20,"male",NA,"yes","no",NA,"no","pf",4000,1,1,0,1,1,1,NA,NA,1,NA,0,0,NA,NA,NA,0,0,1,1,"AMHA1704"
"DILE6096","DILE6096","DIRE DAWA","hrp2-/hrp3-","hrp2-/hrp3-","hrp2-/hrp3-","DIRE DAWA","LEGEHARE H/CENTER","dile6096","Plate 14","DIRE DAWA","DIRE DAWA","dire dawa",28,"male",NA,"yes","no",NA,"no","pf",316,NA,NA,NA,NA,NA,NA,NA,NA,NA,NA,NA,NA,NA,NA,NA,NA,NA,NA,NA,"DILE6096"
"AMWO031584","AMWO031584","AMHARA","hrp2-/hrp3-","hrp2-/hrp3-","hrp2-/hrp3-","WORETA","WORETA H/CENTER","AMWO031584","Plate 14","AMHARA","WORETA","woreta",45,"female","no","yes","yes","coartem","no","pf",NA,0.065671642,1,0.028845422,1,0.966738583,0.905950895,0,1,1,1,0,0,NA,NA,NA,0,0,2,2,"AMWO031584"
"AMWO031583","AMWO031583","AMHARA",NA,NA,"hrp2-/Possible hrp3 deletion","WORETA","WORETA H/CENTER","AMWO031583","Plate 14","AMHARA","WORETA","woreta",13,"male",NA,"yes","no",NA,"no","pf",NA,0.101214575,1,0,1,1,0.944862155,0,1,1,1,0,0,NA,NA,NA,0,0,1,1,"AMWO031583"
"TGYE3703","TGYE3703","TIGRAY","hrp2+/hrp3-","hrp2+/hrp3-","hrp2+/hrp3-","ABERGELEYECHILA","YECHILA P/HOSPITAL","TGYE3703","Plate 14","TIGRAY","ABERGELEYECHILA","gurure",18,"male",NA,"yes","no",NA,"no","pf",NA,NA,1,0.084935269,1,0,0.076367243,0,1,1,1,0,0,NA,NA,NA,0,0,2,2,"TGYE3703"
"TGYE3692","TGYE3692","TIGRAY","hrp2+/hrp3-","hrp2+/hrp3-","hrp2+/hrp3-","ABERGELEYECHILA","YECHILA P/HOSPITAL","TGYE3692","Plate 14","TIGRAY","ABERGELEYECHILA","hadarit",28,"female","no","yes","no",NA,"no","pf",NA,NA,1,0,1,0,0.558471363,0.147083686,1,1,1,0,0,NA,NA,NA,0,0,3,3,"TGYE3692"
"AMAN030930","AMAN030930","AMHARA","hrp2+/hrp3-","hrp2+/hrp3-","hrp2+/hrp3-","BAHIR DAR ZURIA","ANDASA H/CENTER","aman030930","Plate 10","AMHARA","BAHIR DAR ZURIA","andasa",30,"male",NA,"yes","no",NA,"no","pf",NA,NA,NA,NA,NA,NA,NA,NA,NA,NA,NA,NA,NA,NA,NA,NA,NA,NA,NA,NA,"AMAN030930"
"AMAN030955","AMAN030955","AMHARA","hrp2+/hrp3-","hrp2+/hrp3-","hrp2+/hrp3-","BAHIR DAR ZURIA","ANDASA H/CENTER","aman030955","Plate 10","AMHARA","BAHIR DAR ZURIA","andasa",24,"male",NA,"yes","yes","coartem","no","pf",NA,NA,NA,NA,NA,NA,NA,NA,NA,NA,NA,NA,NA,NA,NA,NA,NA,NA,NA,NA,"AMAN030955"
"AMAN030962","AMAN030962","AMHARA","hrp2+/hrp3-","hrp2+/hrp3-","hrp2+/hrp3-","BAHIR DAR ZURIA","ANDASA H/CENTER","aman030962","Plate 10","AMHARA","BAHIR DAR ZURIA","andasa",35,"male",NA,"yes","yes","coartem","no","pf",NA,NA,NA,NA,NA,NA,NA,NA,NA,NA,NA,NA,NA,NA,NA,NA,NA,NA,NA,NA,"AMAN030962"
"AMAN030981","AMAN030981","AMHARA","hrp2+/hrp3-","hrp2+/hrp3-","hrp2+/hrp3-","BAHIR DAR ZURIA","ANDASA H/CENTER","aman030981","Plate 10","AMHARA","BAHIR DAR ZURIA","andasa",30,"female",NA,"yes","yes","Chloroquine","no","pf",NA,0.804054054,1,0,1,1,0.821226849,0,1,1,1,0,0,NA,NA,NA,0,0,3,3,"AMAN030981"
"AMAN030982","AMAN030982","AMHARA","hrp2+/hrp3-","hrp2+/hrp3-","hrp2+/hrp3-","BAHIR DAR ZURIA","ANDASA H/CENTER","aman030982","Plate 10","AMHARA","BAHIR DAR ZURIA","andasa",22,"female",NA,"yes","no",NA,"no","pf",NA,NA,NA,NA,NA,NA,NA,NA,NA,NA,NA,NA,NA,NA,NA,NA,NA,NA,NA,NA,"AMAN030982"
"AMAN030959","AMAN030959","AMHARA","hrp2+/hrp3-","hrp2+/hrp3-","hrp2+/hrp3-","BAHIR DAR ZURIA","ANDASA H/CENTER","aman030959","Plate 10","AMHARA","BAHIR DAR ZURIA","tsebel",22,"female",NA,"yes","no",NA,"no","pf",NA,NA,1,0,1,NA,NA,NA,NA,NA,NA,0,0,NA,NA,NA,NA,NA,NA,NA,"AMAN030959"
"AMAN030960","AMAN030960","AMHARA","hrp2+/hrp3-","hrp2+/hrp3-","hrp2+/hrp3-","BAHIR DAR ZURIA","ANDASA H/CENTER","aman030960","Plate 10","AMHARA","BAHIR DAR ZURIA","tsebel",50,"male",NA,"yes","no",NA,"no","pf",NA,NA,1,0,1,NA,1,0.873134328,NA,NA,1,0,0,NA,NA,NA,0,0,3,3,"AMAN030960"
"AMAN030954","AMAN030954","AMHARA","hrp2+/hrp3-","hrp2+/hrp3-","hrp2+/hrp3-","BAHIR DAR ZURIA","ANDASA H/CENTER","aman030954","Plate 10","AMHARA","BAHIR DAR ZURIA","yemushet",35,"female",NA,"yes","yes","coartem","no","pf",NA,NA,NA,NA,NA,NA,NA,NA,NA,NA,NA,NA,NA,NA,NA,NA,NA,NA,NA,NA,"AMAN030954"
"AMAN030972","AMAN030972","AMHARA","hrp2+/hrp3-","hrp2+/hrp3-","hrp2+/hrp3-","BAHIR DAR ZURIA","ANDASA H/CENTER","aman030972","Plate 10","AMHARA","BAHIR DAR ZURIA","yemushet",20,"female",NA,"yes","yes","Chloroquine","no","pf",NA,1,1,0,1,1,1,0,NA,1,1,0,0,NA,NA,NA,0,0,1,1,"AMAN030972"
"AMAN030974","AMAN030974","AMHARA","hrp2+/hrp3-","hrp2+/hrp3-","hrp2+/hrp3-","BAHIR DAR ZURIA","ANDASA H/CENTER","aman030974","Plate 10","AMHARA","BAHIR DAR ZURIA","yigama",25,"female",NA,"yes","no",NA,"no","pf",NA,1,1,0,1,1,1,0,NA,1,1,0,0,NA,NA,NA,0,0,1,1,"AMAN030974"
"DILE6079","DILE6079","DIRE DAWA","hrp2+/hrp3-","hrp2+/hrp3-","hrp2+/hrp3-","DIRE DAWA","LEGEHARE H/CENTER","dile6079","Plate 14","DIRE DAWA","DIRE DAWA","dire dawa",35,"female","no","yes","no",NA,"yes","pf",428,NA,1,1,1,1,1,0,1,NA,1,0,0,NA,NA,NA,0,0,1,1,"DILE6079"
"DILE6089","DILE6089","DIRE DAWA","hrp2+/hrp3-","hrp2+/hrp3-","hrp2+/hrp3-","DIRE DAWA","LEGEHARE H/CENTER","dile6089","Plate 14","DIRE DAWA","DIRE DAWA","dire dawa",26,"male",NA,"yes","no",NA,"no","pf",1010,NA,1,0,1,NA,0,NA,NA,NA,NA,0,0,NA,NA,NA,NA,NA,NA,NA,"DILE6089"
"DILE6097","DILE6097","DIRE DAWA","hrp2+/hrp3-","hrp2+/hrp3-","hrp2+/hrp3-","DIRE DAWA","LEGEHARE H/CENTER","dile6097","Plate 14","DIRE DAWA","DIRE DAWA","dire dawa",70,"male",NA,"yes","no",NA,"no","pf",816,1,1,0.595718654,1,1,0.752416844,0,NA,1,1,0,0,NA,NA,NA,0,0,2,2,"DILE6097"
"AMHA1701","AMHA1701","AMHARA","hrp2+/hrp3-","hrp2+/hrp3-","hrp2+/hrp3-","KALLU","HARBU H/CENTER","AMHA1701","Plate 21","AMHARA","KALLU","harbu",15,"male",NA,"yes","no",NA,"no","pf",NA,NA,1,0,1,NA,0,NA,NA,1,NA,NA,NA,NA,NA,NA,NA,NA,NA,NA,"AMHA1701"
"SEBI1505","SEBI1505","S_ETHIOPIA","hrp2+/hrp3-","hrp2+/hrp3-","hrp2+/hrp3-","MERAB ABAYA","BIRBIRR H/CENTER","SEBI1505","Plate 11","S_ETHIOPIA","MERAB ABAYA","birbir",15,"female","no","yes",NA,NA,"no","pf",NA,NA,NA,NA,NA,NA,NA,NA,NA,NA,NA,NA,NA,NA,NA,NA,NA,NA,NA,NA,"SEBI1505"
"SILR5508","SILR5508","SIDAMA","hrp2+/hrp3-","hrp2+/hrp3-","hrp2+/hrp3-","TULLA","GARA RIKATA H/CENTER","SILR5508","Plate 21","SIDAMA","TULLA","Hawela wondo",7,"male",NA,"yes","no",NA,"no","pf",NA,NA,1,1,1,1,1,0,1,1,1,0,0,NA,NA,NA,0,0,1,1,"SILR5508"
"GAAB2302","GAAB2302","GAMBELA","hrp2+/hrp3+","hrp2+/hrp3+","hrp2+/hrp3+","ABOL","ABOL H/CENTER","GAAB2302","Plate 14","GAMBELA","ABOL","Abol",5,"male",NA,"yes","yes",NA,NA,"pf",NA,0,1,0.300567334,1,0.094387755,0.431875238,0,1,0.240904621,1,0,0,NA,NA,NA,0,0,3,2,"GAAB2302"
"GAAB2310","GAAB2310","GAMBELA","hrp2+/hrp3+","hrp2+/hrp3+","hrp2+/hrp3+","ABOL","ABOL H/CENTER","GAAB2310","Plate 14","GAMBELA","ABOL","Abol",32,"female",NA,"yes",NA,NA,NA,"pf",NA,1,1,0,1,0.041489863,0,0,1,1,1,0,0,NA,NA,NA,0,0,2,2,"GAAB2310"
"GAAB2311","GAAB2311","GAMBELA","hrp2+/hrp3+","hrp2+/hrp3+","hrp2+/hrp3+","ABOL","ABOL H/CENTER","GAAB2311","Plate 14","GAMBELA","ABOL","Abol",25,"female",NA,"yes","yes",NA,NA,"pf",NA,0,1,1,1,0,0.078846969,0,1,1,1,0,0,NA,NA,NA,0,0,1,1,"GAAB2311"
"AMAN030935","AMAN030935","AMHARA","hrp2+/hrp3+","hrp2+/hrp3+","hrp2+/hrp3+","BAHIR DAR ZURIA","ANDASA H/CENTER","aman030935","Plate 10","AMHARA","BAHIR DAR ZURIA","andasa",24,"female","no","yes","no",NA,"no","pf",NA,NA,1,1,1,NA,1,NA,NA,NA,1,0,0,NA,NA,NA,0,0,2,2,"AMAN030935"
"SNDI071886","SNDI071886","S_ETHIOPIA","hrp2+/hrp3+","hrp2+/hrp3+","hrp2+/hrp3+","DILLA","DILLA H/CENTER","SNDI071886","Plate 14","S_ETHIOPIA","DILLA","Dilla",12,"male",NA,"yes","no",NA,"no","pf",NA,NA,NA,NA,NA,NA,NA,NA,NA,NA,NA,NA,NA,NA,NA,NA,NA,NA,NA,NA,"SNDI071886"
"SNDI071904","SNDI071904","S_ETHIOPIA","hrp2+/hrp3+","hrp2+/hrp3+","hrp2+/hrp3+","DILLA","DILLA H/CENTER","SNDI071904","Plate 14","S_ETHIOPIA","DILLA","Dilla",21,"female","no","yes","yes","PCM","no","pf",NA,1,1,0.887869521,1,1,0.969208211,0,1,1,1,0,0,NA,NA,NA,0,0,1,1,"SNDI071904"
"AMHA4856","AMHA4856","AMHARA","hrp2+/hrp3+","hrp2+/hrp3+","hrp2+/hrp3+","KALLU","HARBU H/CENTER","AMHA4856","Plate 21","AMHARA","KALLU","harbu",6,"female",NA,"yes","no",NA,"no","pf",400,1,1,0,1,0.16418627,0.159446669,0,1,1,1,0,0,NA,NA,NA,0,0,1,1,"AMHA4856"
"SEBI1517","SEBI1517","S_ETHIOPIA","hrp2+/hrp3+","hrp2+/hrp3+","hrp2+/hrp3+","MERAB ABAYA","BIRBIRR H/CENTER","SEBI1517","Plate 11","S_ETHIOPIA","MERAB ABAYA","allege",20,"female","yes","yes","yes","coartem","no","pf",NA,NA,NA,NA,NA,NA,NA,NA,NA,NA,NA,NA,NA,NA,NA,NA,NA,NA,NA,NA,"SEBI1517"
"SEBI1522","SEBI1522","S_ETHIOPIA","hrp2+/hrp3+","hrp2+/hrp3+","hrp2+/hrp3+","MERAB ABAYA","BIRBIRR H/CENTER","SEBI1522","Plate 11","S_ETHIOPIA","MERAB ABAYA","birbir",19,"female","no","yes","no",NA,"no","pf",NA,NA,1,0.057283142,1,0.973170344,0.946535006,0,1,1,1,0,0,NA,NA,NA,0,0,1,1,"SEBI1522"
"SEBI1562","SEBI1562","S_ETHIOPIA","hrp2+/hrp3+","hrp2+/hrp3+","hrp2+/hrp3+","MERAB ABAYA","BIRBIRR H/CENTER","SEBI1562","Plate 11","S_ETHIOPIA","MERAB ABAYA","birbir",48,"male",NA,"yes","yes","Chloroquine","yes","pf",NA,NA,1,0.939398142,1,1,0.866013986,0,1,1,1,0,0,NA,NA,NA,0,0,2,2,"SEBI1562"
"SEBI1567","SEBI1567","S_ETHIOPIA","hrp2+/hrp3+","hrp2+/hrp3+","hrp2+/hrp3+","MERAB ABAYA","BIRBIRR H/CENTER","SEBI1567","Plate 11","S_ETHIOPIA","MERAB ABAYA","birbir",20,"male",NA,"yes","yes","coartem","yes","pf",NA,NA,1,1,1,1,1,0,1,1,1,0,0,NA,NA,NA,0,0,1,1,"SEBI1567"
"SILR5506","SILR5506","SIDAMA","hrp2+/hrp3+","hrp2+/hrp3+","hrp2+/hrp3+","TULLA","GARA RIKATA H/CENTER","SILR5506","Plate 21","SIDAMA","TULLA","Hawela wondo",30,"female","no","yes","no",NA,"no","pf",NA,NA,1,1,1,1,1,0,1,1,1,0,0,NA,NA,NA,0,0,2,2,"SILR5506"
"AMAN030931","AMAN030931","AMHARA",NA,NA,"hrp2+/Possible hrp3 deletion","BAHIR DAR ZURIA","ANDASA H/CENTER","aman030931","Plate 10","AMHARA","BAHIR DAR ZURIA","andasa",21,"male",NA,"yes","no",NA,"no","pf",NA,NA,1,0,1,1,1,0,1,NA,1,0,0,NA,NA,NA,0,0,1,1,"AMAN030931"
"SEBI1519","SEBI1519","S_ETHIOPIA",NA,NA,"hrp2+/Possible hrp3 deletion","MERAB ABAYA","BIRBIRR H/CENTER","SEBI1519","Plate 11","S_ETHIOPIA","MERAB ABAYA","allege",15,"female","no","yes","yes","coartem","yes","pf",NA,NA,NA,NA,NA,NA,NA,NA,NA,NA,NA,NA,NA,NA,NA,NA,NA,NA,NA,NA,"SEBI1519"
"SEBI1570","SEBI1570","S_ETHIOPIA",NA,NA,"hrp2+/Possible hrp3 deletion","MERAB ABAYA","BIRBIRR H/CENTER","SEBI1570","Plate 11","S_ETHIOPIA","MERAB ABAYA","birbir",13,"male",NA,"yes","no",NA,"no","pf",NA,NA,1,0.954331333,1,1,0.916068569,0,1,1,1,0,0,NA,NA,NA,0,0,2,2,"SEBI1570"
"SEBI1576","SEBI1576","S_ETHIOPIA",NA,NA,"hrp2+/Possible hrp3 deletion","MERAB ABAYA","BIRBIRR H/CENTER","SEBI1576","Plate 11","S_ETHIOPIA","MERAB ABAYA","birbir",8,"female",NA,"yes","yes","Chloroquine","no","pf",NA,NA,1,1,1,1,1,0,1,NA,1,0,0,NA,NA,NA,0,0,1,1,"SEBI1576"
"TGYE3710","TGYE3710","TIGRAY",NA,NA,"NA/NA","ABERGELEYECHILA","YECHILA P/HOSPITAL","TGYE3710","Plate 14","TIGRAY","ABERGELEYECHILA","N/Birhan",27,"female","no","yes","yes",NA,"no","pf",NA,0.451581028,1,0.894907271,NA,1,0.945839031,0,1,1,NA,0,0,NA,NA,NA,0,0,1,1,"TGYE3710"
"AFWO3437","AFWO3437","AFAR",NA,NA,"NA/NA","AMIBARA","WORER H/CENTER","AFWO3437","Plate 21","AFAR","AMIBARA","Anbashu",32,"male",NA,"yes","no",NA,"no","pf",16430,NA,1,1,1,NA,1,NA,NA,NA,NA,NA,NA,NA,NA,NA,NA,NA,2,2,"AFWO3437"
"DILE6088","DILE6088","DIRE DAWA",NA,NA,"NA/NA","DIRE DAWA","LEGEHARE H/CENTER","dile6088","Plate 14","DIRE DAWA","DIRE DAWA","dire dawa",50,"male",NA,"yes","yes",NA,NA,"pf",912,NA,NA,NA,1,1,0.51285823,0,NA,NA,NA,NA,NA,NA,NA,NA,NA,NA,1,1,"DILE6088"
"DILE6073","DILE6073","DIRE DAWA",NA,NA,"NA/NA","DIRE DAWA","LEGEHARE H/CENTER","dile6073","Plate 14","DIRE DAWA","DIRE DAWA","dire dawa",3,"female",NA,"yes","no",NA,"no","pf",518,0.384810127,1,1,NA,0.368362832,1,0,1,NA,1,0,0,NA,NA,NA,NA,NA,2,2,"DILE6073"
"AMHA1705","AMHA1705","AMHARA",NA,NA,"NA/NA","KALLU","HARBU H/CENTER","AMHA1705","Plate 21","AMHARA","KALLU","harbu",20,"female","yes","yes","no",NA,"no","pf",600,1,NA,NA,NA,1,NA,NA,1,NA,NA,0,0,NA,NA,NA,NA,NA,NA,NA,"AMHA1705"
"SILR5512","SILR5512","SIDAMA",NA,NA,"NA/NA","TULLA","GARA RIKATA H/CENTER","SILR5512","Plate 21","SIDAMA","TULLA","Aruma",27,"male",NA,"yes","yes","coartem","no","pf",NA,NA,1,0.509161041,1,0,0.169474455,NA,NA,NA,NA,0,0,NA,NA,NA,NA,NA,3,3,"SILR5512"
"SILR5509","SILR5509","SIDAMA",NA,NA,"NA/NA","TULLA","GARA RIKATA H/CENTER","SILR5509","Plate 21","SIDAMA","TULLA","Fura kebele",21,"female","no","yes","yes","coartem","no","pf",NA,NA,1,1,NA,NA,NA,NA,NA,1,NA,NA,NA,NA,NA,NA,NA,NA,NA,NA,"SILR5509"
"SILR5515","SILR5515","SIDAMA",NA,NA,"NA/NA","TULLA","GARA RIKATA H/CENTER","SILR5515","Plate 21","SIDAMA","TULLA","Hawela wondo",28,"male",NA,"yes","yes","coartem","no","pf",NA,NA,1,0,1,1,NA,0,1,1,1,0,0,NA,NA,NA,0.032009038,0.317642629,1,1,"SILR5515"
"AMWO031582","AMWO031582","AMHARA",NA,NA,"Possible hrp2 deletion/hrp3+","WORETA","WORETA H/CENTER","AMWO031582","Plate 14","AMHARA","WORETA","woreta",36,"male",NA,"yes","no",NA,"no","pf",NA,NA,1,1,1,1,1,NA,NA,NA,NA,0,0,NA,NA,NA,NA,NA,1,1,"AMWO031582"
