Sample Name,HRP2,HRP3,HUMBB,PfLDH,Genotyping,Final EPHI Call,Comment ,,Pfhrp2_call,Pfhrp3_call,Comment,,,
SEBI1501,21.546,21.177,23.377,20.490,WT,WT,,,Pfhrp2+,Pfhrp3+,,,,
SEBI1509,23.541,NA,23.797,22.887,hrp3_deleted_only,Pfhrp3-,,,Pfhrp2+,Pfhrp3-,,,,
SEBI1517,21.585,21.559,23.612,20.688,WT,WT,,,Pfhrp2+,Pfhrp3+,,,,
SEBI1525,22.317,21.782,25.160,21.193,WT,WT,,,Pfhrp2+,Pfhrp3+,,,,
SEBI1533,25.435,32.407,25.261,24.548,WT,WT,,,Pfhrp2+,Pfhrp3+,,,,
SEBI1541,NA,24.888,23.883,24.186,hrp2_deleted_only,Pfhrp2-,,,Pfhrp2-,Pfhrp3-,,,,
SEBI1549,24.892,32.923,23.986,24.259,Possible hrp3 deletion mixed infection,WT,,,Pfhrp2+,Pfhrp3+,,,,
SEBI1557,25.489,24.289,26.681,23.430,WT,WT,,,Pfhrp2+,Pfhrp3+,,,,
SEBI1565,23.806,33.927,24.683,23.801,WT,WT,,,Pfhrp2+,Pfhrp3+,,,,
SEBI1573,27.471,27.590,25.796,27.079,WT,WT,,,Pfhrp2+,Pfhrp3+,,,,
SEBI1581,26.143,44.601,26.046,25.573,WT,WT,,,Pfhrp2+,Pfhrp3+,,,,
SEBI1589,22.434,35.118,23.795,22.115,WT,WT,,,Pfhrp2+,Pfhrp3+,,,,
SEBI1502,22.002,21.924,22.443,21.200,WT,WT,,,Pfhrp2+,Pfhrp3+,,,,
SEBI1510,21.267,21.274,23.776,20.543,WT,WT,,,Pfhrp2+,Pfhrp3+,,,,
SEBI1518,20.387,20.327,21.889,19.721,WT,WT,,,Pfhrp2+,Pfhrp3+,,,,
SEBI1526,26.848,26.943,24.878,25.727,WT,WT,,,Pfhrp2+,Pfhrp3+,,,,
SEBI1534,24.552,23.807,23.099,23.174,WT,WT,,,Pfhrp2+,Pfhrp3+,,,,
SEBI1542,29.292,28.740,25.664,27.979,WT,WT,,,Pfhrp2+,Pfhrp3+,,,,
SEBI1550,26.294,25.422,27.034,24.544,WT,WT,,,Pfhrp2+,Pfhrp3+,,,,
SEBI1558,42.559,21.364,24.336,20.213,hrp2_deleted_only,Pfhrp2-,,,Pfhrp2-,Pfhrp3-,,,,
SEBI1566,28.868,31.575,26.668,26.432,Possible hrp3 deletion mixed infection,WT,,,Pfhrp2+,Pfhrp3+,,,,
SEBI1574,22.712,22.521,24.428,21.727,WT,WT,,,Pfhrp2+,Pfhrp3+,,,,
SEBI1582,24.609,23.161,23.623,23.290,WT,WT,,,Pfhrp2+,Pfhrp3+,,,,
SEBI1590,22.274,21.543,24.390,21.366,WT,WT,,,Pfhrp2+,Pfhrp3+,,,,
SEBI1503,22.617,22.157,23.965,21.468,WT,WT,,,Pfhrp2+,Pfhrp3+,,,,
SEBI1511,24.156,22.108,22.425,21.739,WT,WT,,,Pfhrp2+,Pfhrp3+,,,,
SEBI1519,26.767,37.665,24.068,25.455,Possible hrp3 deletion,Possible hrp3 deletion,,,Pfhrp2+,Possible hrp3 deletion,,,,
SEBI1527,41.018,22.504,23.169,21.631,hrp2_deleted_only,Pfhrp2-,,,Pfhrp2-,Pfhrp3-,,,,
SEBI1535,21.370,37.455,23.601,20.132,Possible hrp3 deletion,Possible hrp3 deletion,,,Pfhrp2+,Possible hrp3 deletion,,,,
SEBI1543,23.964,23.154,24.630,22.279,WT,WT,,,Pfhrp2+,Pfhrp3+,,,,
SEBI1551,23.734,30.655,24.578,22.532,Possible hrp3 deletion mixed infection,WT,,,Pfhrp2+,Pfhrp3+,,,,
SEBI1559,26.549,25.806,25.117,25.893,WT,WT,,,Pfhrp2+,Pfhrp3+,,,,
SEBI1567,29.558,28.672,27.380,28.062,WT,WT,,,Pfhrp2+,Pfhrp3+,,,,
SEBI1575,25.421,NA,23.943,24.822,hrp3_deleted_only,Pfhrp3-,,,Pfhrp2+,Pfhrp3-,,,,
SEBI1583,22.813,25.834,25.354,22.330,WT,WT,,,Pfhrp2+,Pfhrp3+,,,,
SEBI1591,23.664,23.013,24.964,22.491,WT,WT,,,Pfhrp2+,Pfhrp3+,,,,
SEBI1504,25.244,NA,23.931,24.073,hrp3_deleted_only,Pfhrp3-,,,Pfhrp2+,Pfhrp3-,,,,
SEBI1512,25.772,40.656,24.540,24.536,hrp3_deleted_only,Pfhrp3-,,,Pfhrp2+,Pfhrp3-,,,,
SEBI1520,26.891,33.406,25.151,25.167,Possible hrp3 deletion mixed infection,WT,,,Pfhrp2+,Pfhrp3+,,,,
SEBI1528,25.028,24.552,23.093,23.643,WT,WT,,,Pfhrp2+,Pfhrp3+,,,,
SEBI1536,26.072,25.308,26.299,23.851,WT,WT,,,Pfhrp2+,Pfhrp3+,,,,
SEBI1544,NA,37.588,23.134,23.525,hrp2_deleted & Possible hrp3 deletion ,Pfhrp2-,,,Pfhrp2-,Possible hrp3 deletion,,,,
SEBI1552,39.604,24.404,23.746,23.461,Possible hrp2 deletion,Possible hrp2 deletion,,,Possible hrp2 deletion,Pfhrp3+,,,,
SEBI1560,23.665,29.064,23.660,22.982,Possible hrp3 deletion mixed infection,WT,,,Possible hrp2 deletion ,Pfhrp3+,,,,
SEBI1568,24.752,24.178,24.259,23.345,WT,WT,,,Pfhrp2+,Pfhrp3+,,,,
SEBI1576,22.299,35.653,23.706,20.976,Possible hrp3 deletion,Possible hrp3 deletion,,,Pfhrp2+,Possible hrp3 deletion,,,,
SEBI1584,20.247,19.787,22.241,19.265,WT,WT,,,Pfhrp2+,Pfhrp3+,,,,
SEBI1592,22.849,NA,24.535,22.296,hrp3_deleted_only,Pfhrp3-,,,Pfhrp2+,Pfhrp3-,,,,
SEBI1505,23.369,NA,25.737,22.722,hrp3_deleted_only,Pfhrp3-,,,Pfhrp2+,Pfhrp3-,,,,
SEBI1513,21.553,35.874,22.105,20.650,Possible hrp3 deletion,Possible hrp3 deletion,,,Pfhrp2+,Possible hrp3 deletion,,,,
SEBI1521,23.163,22.240,23.546,21.521,WT,WT,,,Pfhrp2+,Pfhrp3+,,,,
SEBI1529,25.288,41.728,25.263,24.002,hrp3_deleted_only,Pfhrp3-,,,Pfhrp2+,Pfhrp3-,,,,
SEBI1537,25.724,25.376,24.415,23.450,WT,WT,,,Pfhrp2+,Pfhrp3+,,,,
SEBI1545,25.639,34.291,24.193,24.548,Possible hrp3 deletion mixed infection,WT,,,Pfhrp2+,Pfhrp3+,,,,
SEBI1553,22.726,22.670,24.121,21.793,WT,WT,,,Pfhrp2+,Pfhrp3+,,,,
SEBI1561,NA,25.367,25.066,24.333,hrp2_deleted_only,Pfhrp2-,,,Pfhrp2-,Pfhrp3-,,,,
SEBI1569,30.561,29.294,25.933,29.182,WT,WT,,,Pfhrp2+,Pfhrp3+,,,,
SEBI1577,23.695,34.150,24.021,22.510,Possible hrp3 deletion mixed infection,WT,,,Pfhrp2+,Pfhrp3+,,,,
SEBI1585,24.311,23.322,23.395,22.845,WT,WT,,,Pfhrp2+,Pfhrp3+,,,,
SEBI1506,20.188,20.483,24.767,20.145,WT,WT,,,Pfhrp2+,Pfhrp3+,,,,
SEBI1514,26.081,25.258,25.593,24.814,WT,WT,,,Pfhrp2+,Pfhrp3+,,,,
SEBI1522,21.664,20.478,25.083,20.470,WT,WT,,,Pfhrp2+,Pfhrp3+,,,,
SEBI1530,28.092,26.603,25.148,26.242,WT,WT,,,Pfhrp2+,Pfhrp3+,,,,
SEBI1538,22.365,24.635,24.667,18.679,Possible hrp3 deletion mixed infection,WT,,,Pfhrp2+,Pfhrp3+,,,,
SEBI1546,25.851,35.534,25.358,25.431,Possible hrp3 deletion,Possible hrp3 deletion,,,Pfhrp2+,Possible hrp3 deletion,,,,
SEBI1554,25.297,23.780,25.292,23.220,WT,WT,,,Pfhrp2+,Pfhrp3+,,,,
SEBI1562,26.029,25.461,25.929,24.892,WT,WT,,,Pfhrp2+,Pfhrp3+,,,,
SEBI1570,32.892,38.940,28.200,34.352,Possible hrp3 deletion,Possible hrp3 deletion,,,Pfhrp2+,Possible hrp3 deletion,,,,
SEBI1578,26.847,37.511,24.142,25.905,Possible hrp3 deletion,Possible hrp3 deletion,,,Pfhrp2+,Possible hrp3 deletion,,,,
SEBI1586,NA,37.767,25.537,27.040,hrp2_deleted & Possible hrp3 deletion ,Pfhrp2-,,,Pfhrp2-,Possible hrp3 deletion,,,,
SEBI1507,24.765,24.846,27.715,24.364,WT,WT,,,Pfhrp2+,Pfhrp3+,,,,
SEBI1515,23.507,22.940,24.298,22.390,WT,WT,,,Pfhrp2+,Pfhrp3+,,,,
SEBI1523,21.957,22.168,23.859,21.546,WT,WT,,,Pfhrp2+,Pfhrp3+,,,,
SEBI1531,21.848,42.760,21.197,21.289,hrp3_deleted_only,Pfhrp3-,,,Pfhrp2+,Pfhrp3-,,,,
SEBI1539,25.659,24.204,24.707,23.519,WT,WT,,,Pfhrp2+,Pfhrp3+,,,,
SEBI1547,23.070,22.219,23.125,21.263,WT,WT,,,Pfhrp2+,Pfhrp3+,,,,
SEBI1555,NA,30.676,25.055,32.893,hrp2_deleted_only,Pfhrp2-,,,Pfhrp2-,Pfhrp3-,,,,
SEBI1563,NA,NA,NA,31.755,HUMBB not amplified,HUMBB not amplified,,,NA,NA,HUMBB not amplified,,,
SEBI1571,27.535,26.807,24.353,26.087,WT,WT,,,Pfhrp2+,Pfhrp3+,,,,
SEBI1579,26.052,25.520,24.396,24.986,WT,WT,,,Pfhrp2+,Pfhrp3+,,,,
SEBI1587,25.103,38.660,24.019,24.034,Possible hrp3 deletion,Possible hrp3 deletion,,,Pfhrp2+,Possible hrp3 deletion,,,,
SEBI1508,22.050,36.747,24.742,22.045,Possible hrp3 deletion,Possible hrp3 deletion,,,Pfhrp2+,Possible hrp3 deletion,,,,
SEBI1516,25.266,24.174,27.007,23.172,WT,WT,,,Pfhrp2+,Pfhrp3+,,,,
SEBI1524,24.602,24.264,24.556,23.849,WT,WT,,,Pfhrp2+,Pfhrp3+,,,,
SEBI1532,25.322,NA,24.658,25.226,hrp3_deleted_only,Pfhrp3-,,,Pfhrp2+,Pfhrp3-,,,,
SEBI1540,NA,21.715,23.131,22.209,hrp2_deleted_only,Pfhrp2-,,,Pfhrp2-,Pfhrp3-,,,,
SEBI1548,26.147,NA,26.023,25.029,hrp3_deleted_only,Pfhrp3-,,,Pfhrp2+,Pfhrp3-,,,,
SEBI1556,22.265,21.912,26.242,21.044,WT,WT,,,Pfhrp2+,Pfhrp3+,,,,
SEBI1564,24.303,NA,25.889,23.393,hrp3_deleted_only,Pfhrp3-,,,Pfhrp2+,Pfhrp3-,,,,
SEBI1572,24.449,NA,26.500,24.117,hrp3_deleted_only,Pfhrp3-,,,Pfhrp2+,Pfhrp3-,,,,
SEBI1580,21.099,20.239,22.721,19.712,WT,WT,,,Pfhrp2+,Pfhrp3+,,,,
SEBI1588,28.467,27.510,26.023,27.519,WT,WT,,,Pfhrp2+,Pfhrp3+,,,,
aman030929,26.436,34.139,23.830,20.496,Possible hrp3 deletion mixed infection - manual review required,Possible hrp3 deletion mixed infection,<35,,Pfhrp2+,Possible hrp3 deletion,mixed infection ,,,
aman030937,22.377,32.385,25.573,20.955,Possible hrp3 deletion mixed infection - manual review required,Possible hrp3 deletion mixed infection,<35,,Pfhrp2+,Possible hrp3 deletion,mixed infection ,,,
aman030945,27.481,NA,26.976,23.686,hrp3_deleted_only,hrp3_deleted only,,,Pfhrp2+,Pfhrp3-,,,,
aman030953,26.893,NA,29.835,25.577,hrp3_deleted_only,hrp3_deleted only,,,Pfhrp2+,Pfhrp3-,,,,
aman030961,27.536,NA,27.128,26.813,hrp3_deleted_only,hrp3_deleted only,,,Pfhrp2+,Pfhrp3-,,,,
aman030969,33.895,NA,27.929,26.970,hrp3_deleted & Possible hrp2 deletion mixed infection,Pfhrp3-,Possible hrp2 deletion mixed infection,,Possible hrp2 deletion,Pfhrp3-,mixed infection,,,
aman030977,32.092,NA,24.983,24.442,hrp3_deleted & Possible hrp2 deletion mixed infection,Pfhrp3-,Possible hrp2 deletion mixed infection,,Possible hrp2 deletion,Pfhrp3-,mixed infection,,,
aman030985,31.580,NA,24.429,22.857,hrp3_deleted & Possible hrp2 deletion mixed infection,Pfhrp3-,Possible hrp2 deletion mixed infection,,Possible hrp2 deletion,Pfhrp3-,mixed infection,,,
aman030993,33.739,NA,24.008,21.765,hrp3_deleted & Possible hrp2 deletion mixed infection,Pfhrp3-,Possible hrp2 deletion mixed infection,,Possible hrp2 deletion,Pfhrp3-,mixed infection,,,
AMAN031001,NA,NA,26.705,23.468,Double deleted,Pfhrp2-/3-,,,Pfhr2-,Pfhr3-,,,,
AMAN031009,NA,NA,23.489,22.415,Double deleted,Pfhrp2-/3-,,,Pfhr2-,Pfhr3-,,,,
AMAN031017,29.179,27.560,28.851,27.620,WT,WT,,,Pfhrp2+,Pfhrp3+,,,,
aman030930,22.120,NA,24.018,21.475,hrp3_deleted_only,hrp3_deleted_only,,,Pfhrp2+,Pfhrp3-,,,,
aman030938,30.678,28.959,27.570,27.067,WT,WT,,,Pfhrp2+,Pfhrp3+,,,,
aman030946,NA,NA,25.541,24.018,Double deleted,Pfhrp2-/3-,,,Pfhr2-,Pfhr3-,,,,
aman030954,26.633,NA,27.597,24.739,hrp3_deleted_only,hrp3_deleted_only,,,Pfhrp2+,Pfhrp3-,,,,
aman030962,27.379,NA,24.932,24.891,hrp3_deleted_only,hrp3_deleted_only,,,Pfhrp2+,Pfhrp3-,,,,
aman030970,NA,NA,27.166,27.830,Double deleted,Pfhrp2-/3-,,,Pfhr2-,Pfhr3-,,,,
aman030978,28.134,NA,24.282,25.011,hrp3_deleted_only,hrp3_deleted_only,,,Pfhrp2+,Pfhrp3-,,,,
aman030986,NA,NA,23.214,20.959,Double deleted,Pfhrp2-/3-,,,Pfhr2-,Pfhr3-,,,,
aman030994,NA,NA,24.779,21.856,Double deleted,Pfhrp2-/3-,,,Pfhr2-,Pfhr3-,,,,
AMAN031002,NA,NA,24.010,21.602,Double deleted,Pfhrp2-/3-,,,Pfhr2-,Pfhr3-,,,,
AMAN031010,NA,NA,22.946,22.127,Double deleted,Pfhrp2-/3-,,,Pfhr2-,Pfhr3-,,,,
AMAN031018,39.876,29.326,NA,30.360,HUMBB not amplified,HUMBB not amplified,,,NA,NA,HUMBB not amplified,,,
aman030931,22.841,37.018,25.057,22.189,Possible hrp3 deletion,Possible hrp3 deletion,14.829,,Pfhrp2+,Possible hrp3 deletion,,,,
aman030939,30.939,28.953,27.718,27.257,WT,WT,,,Pfhrp2+,Pfhrp3+,,,,
aman030947,39.683,NA,25.637,23.949,hrp3_deleted & Possible hrp2 deletion,Pfhrp3-,Possible hrp2 deletion,,Possible hrp2 deletion,Pfhrp3-,,,,
aman030955,27.107,NA,24.102,24.629,hrp3_deleted_only,hrp3_deleted_only,,,Pfhrp2+,Pfhrp3-,,,,
aman030963,NA,NA,26.701,24.763,Double deleted,Pfhrp2-/3-,,,Pfhr2-,Pfhr3-,,,,
aman030971,29.558,NA,24.828,29.524,hrp3_deleted_only,hrp3_deleted_only,,,Pfhrp2+,Pfhrp3-,,,,
aman030979,30.195,NA,23.967,30.517,hrp3_deleted_only,hrp3_deleted_only,,,Pfhrp2+,Pfhrp3-,,,,
aman030987,39.016,NA,22.973,21.388,hrp3_deleted & Possible hrp2 deletion,Pfhrp3-,Possible hrp2 deletion,,Possible hrp2 deletion,Pfhrp3-,,,,
aman030995,NA,NA,23.180,20.777,Double deleted,Pfhrp2-/3-,,,Pfhr2-,Pfhr3-,,,,
AMAN031003,NA,NA,24.062,22.066,Double deleted,Pfhrp2-/3-,,,Pfhr2-,Pfhr3-,,,,
AMAN031011,NA,NA,22.200,20.861,Double deleted,Pfhrp2-/3-,,,Pfhr2-,Pfhr3-,,,,
AMAN031019,30.044,27.850,29.385,27.786,WT,WT,,,Pfhrp2+,Pfhrp3+,,,,
aman030932,36.526,33.633,25.644,24.027,Possible hrp2 deletion ,Possible hrp2 deletion ,12.499,,Possible hrp2 deletion,Pfhrp3+,,,,
aman030940,31.157,29.979,28.001,30.483,WT,WT,,,Pfhrp2+,Pfhrp3+,,,,
aman030948,26.652,NA,27.295,24.344,hrp3_deleted_only,hrp3_deleted_only,,,Pfhrp2+,Pfhrp3-,,,,
aman030956,26.733,NA,23.368,24.951,hrp3_deleted_only,hrp3_deleted_only,,,Pfhrp2+,Pfhrp3-,,,,
aman030964,38.430,NA,24.532,24.864,hrp3_deleted & Possible hrp2 deletion,Pfhrp3-,Possible hrp2 deletion,,Possible hrp2 deletion,Pfhrp3-,,,,
aman030972,28.562,NA,23.577,29.837,hrp3_deleted_only,hrp3_deleted_only,,,Pfhrp2+,Pfhrp3-,,,,
aman030980,30.403,NA,23.964,28.432,hrp3_deleted_only,hrp3_deleted_only,,,Pfhrp2+,Pfhrp3-,,,,
aman030988,NA,NA,23.748,21.755,Double deleted,Pfhrp2-/3-,,,Pfhr2-,Pfhr3-,,,,
aman030996,NA,NA,23.943,21.111,Double deleted,Pfhrp2-/3-,,,Pfhr2-,Pfhr3-,,,,
AMAN031004,NA,NA,21.505,19.823,Double deleted,Pfhrp2-/3-,,,Pfhr2-,Pfhr3-,,,,
AMAN031012,NA,NA,22.849,21.672,Double deleted,Pfhrp2-/3-,,,Pfhr2-,Pfhr3-,,,,
AMAN031020,28.959,27.007,29.090,27.458,WT,WT,,,Pfhrp2+,Pfhrp3+,,,,
aman030933,23.664,NA,23.590,22.343,hrp3_deleted_only,hrp3_deleted_only,,,Pfhrp2+,Pfhrp3-,,,,
aman030941,32.729,30.879,28.961,31.038,WT,WT,,,Pfhrp2+,Pfhrp3+,,,,
aman030949,25.533,NA,26.877,23.603,hrp3_deleted_only,hrp3_deleted_only,,,Pfhrp2+,Pfhrp3-,,,,
aman030957,28.094,NA,25.877,27.799,hrp3_deleted_only,hrp3_deleted_only,,,Pfhrp2+,Pfhrp3-,,,,
aman030965,NA,NA,25.949,26.441,Double deleted,Pfhrp2-/3-,,,Pfhr2-,Pfhr3-,,,,
aman030973,29.986,NA,24.879,29.718,hrp3_deleted_only,hrp3_deleted_only,,,Pfhrp2+,Pfhrp3-,,,,
aman030981,28.877,NA,25.003,28.331,hrp3_deleted_only,hrp3_deleted_only,,,Pfhrp2+,Pfhrp3-,,,,
aman030989,NA,NA,23.519,21.241,Double deleted,Pfhrp2-/3-,,,Pfhr2-,Pfhr3-,,,,
aman030997,NA,NA,24.733,20.943,Double deleted,Pfhrp2-/3-,,,Pfhr2-,Pfhr3-,,,,
AMAN031005,NA,NA,21.139,19.621,Double deleted,Pfhrp2-/3-,,,Pfhr2-,Pfhr3-,,,,
AMAN031013,NA,37.096,23.597,22.331,hrp2_deleted & Possible hrp3 deletion,Pfhrp2-,Possible hrp3 deletion,,Pfhrp2-,Possible hrp3 deletion,,,,
aman030934,NA,NA,27.334,23.475,Double deleted,Pfhrp2-/3-,,,Pfhr2-,Pfhr3-,,,,
aman030942,32.625,29.648,27.936,29.636,WT,WT,,,Pfhrp2+,Pfhrp3+,,,,
aman030950,26.524,NA,27.650,24.585,hrp3_deleted_only,hrp3_deleted_only,,,Pfhrp2+,Pfhrp3-,,,,
aman030958,26.597,NA,24.313,24.714,hrp3_deleted_only,hrp3_deleted_only,,,Pfhrp2+,Pfhrp3-,,,,
aman030966,28.331,26.460,27.635,26.668,WT,WT,,,Pfhrp2+,Pfhrp3+,,,,
aman030974,29.362,NA,24.329,28.616,hrp3_deleted_only,hrp3_deleted_only,,,Pfhrp2+,Pfhrp3-,,,,
aman030982,28.894,NA,23.861,27.500,hrp3_deleted_only,hrp3_deleted_only,,,Pfhrp2+,Pfhrp3-,,,,
aman030990,NA,NA,24.809,22.333,Double deleted,Pfhrp2-/3-,,,Pfhr2-,Pfhr3-,,,,
aman030998,NA,NA,24.626,21.365,Double deleted,Pfhrp2-/3-,,,Pfhr2-,Pfhr3-,,,,
AMAN031006,NA,NA,21.637,20.284,Double deleted,Pfhrp2-/3-,,,Pfhr2-,Pfhr3-,,,,
AMAN031014,NA,NA,23.199,21.794,Double deleted,Pfhrp2-/3-,,,Pfhr2-,Pfhr3-,,,,
aman030935,27.934,25.732,27.552,25.401,WT,WT,,,Pfhrp2+,Pfhrp3+,,,,
aman030943,NA,NA,26.196,25.104,Double deleted,Pfhrp2-/3-,,,Pfhr2-,Pfhr3-,,,,
aman030951,25.911,NA,28.839,24.256,hrp3_deleted_only,hrp3_deleted_only,,,Pfhrp2+,Pfhrp3-,,,,
aman030959,27.153,NA,25.210,26.138,hrp3_deleted_only,hrp3_deleted_only,,,Pfhrp2+,Pfhrp3-,,,,
aman030967,NA,NA,25.834,26.714,Double deleted,Pfhrp2-/3-,,,Pfhr2-,Pfhr3-,,,,
aman030975,31.036,NA,25.220,30.967,hrp3_deleted_only,hrp3_deleted_only,,,Pfhrp2+,Pfhrp3-,,,,
aman030983,28.915,NA,23.579,28.343,hrp3_deleted_only,hrp3_deleted_only,,,Pfhrp2+,Pfhrp3-,,,,
aman030991,NA,NA,26.021,23.149,Double deleted,Pfhrp2-/3-,,,Pfhr2-,Pfhr3-,,,,
aman030999,NA,NA,25.613,22.142,Double deleted,Pfhrp2-/3-,,,Pfhr2-,Pfhr3-,,,,
AMAN031007,NA,NA,21.652,20.293,Double deleted,Pfhrp2-/3-,,,Pfhr2-,Pfhr3-,,,,
AMAN031015,NA,NA,23.029,21.715,Double deleted,Pfhrp2-/3-,,,Pfhr2-,Pfhr3-,,,,
aman030936,23.419,34.192,27.382,22.413,Possible hrp3 deletion mixed infection - manual review required,Possible hrp3 deletion mixed infection,<35,,Pfhrp2+,Possible hrp3 deletion,mixed infection ,,,
aman030944,NA,NA,27.963,25.260,Double deleted,Pfhrp2-/3-,,,Pfhr2-,Pfhr3-,,,,
aman030952,25.271,NA,28.034,23.899,hrp3_deleted_only,hrp3_deleted_only,,,Pfhrp2+,Pfhrp3-,,,,
aman030960,27.103,NA,26.175,25.952,hrp3_deleted_only,hrp3_deleted_only,,,Pfhrp2+,Pfhrp3-,,,,
aman030968,NA,NA,25.688,24.601,Double deleted,Pfhrp2-/3-,,,Pfhr2-,Pfhr3-,,,,
aman030976,32.373,NA,26.563,32.254,hrp3_deleted_only,hrp3_deleted_only,,,Pfhrp2+,Pfhrp3-,,,,
aman030984,NA,NA,25.264,22.496,Double deleted,Pfhrp2-/3-,,,Pfhr2-,Pfhr3-,,,,
aman030992,NA,NA,26.092,23.216,Double deleted,Pfhrp2-/3-,,,Pfhr2-,Pfhr3-,,,,
AMAN031000,NA,NA,26.188,22.466,Double deleted,Pfhrp2-/3-,,,Pfhr2-,Pfhr3-,,,,
AMAN031008,NA,NA,21.871,20.874,Double deleted,Pfhrp2-/3-,,,Pfhr2-,Pfhr3-,,,,
AMAN031016,NA,NA,24.173,22.829,Double deleted,Pfhrp2-/3-,,,Pfhr2-,Pfhr3-,,,,
AMJI031333,28.009,29.027,27.814,30.285,WT,WT,,,Pfhrp2+,Pfhrp3+,,,,
AMJI031341,NA,NA,21.911,22.097,Double_deleted,Pfhrp2-/3-,,,Pfhr2-,Pfhr3-,,,,
AFWO3426,23.321,22.014,22.001,22.361,WT,WT,,,Pfhrp2+,Pfhrp3+,,,,
AFWO3434,22.936,21.430,21.168,21.819,WT,WT,,,Pfhrp2+,Pfhrp3+,,,,
AFWO3442,22.498,20.961,20.518,21.326,WT,WT,,,Pfhrp2+,Pfhrp3+,,,,
AMHA1706,23.769,NA,21.166,22.476,HRP3_deleted_only,Pfhrp3-,,,Pfhrp2+,Pfhrp3-,,,,
TGSH4238,NA,38.782,21.169,24.722,HRP2 deleted & Possible hrp3 deletion mixed infection,Pfhrp2-/3-,,,Pfhr2-,Pfhr3-,,,,
TGSH4245,25.148,NA,23.088,24.233,HRP3_deleted_only,Pfhrp3-,,,Pfhrp2+,Pfhrp3-,,,,
TGSH4253,NA,37.099,23.072,23.925,HRP2 deleted & Possible hrp3 deletion,Pfhrp2-, Possible hrp3 deletion,,Pfhrp2-,Possible hrp3 deletion,,,,
SILR5502,23.319,42.431,20.936,22.245,HRP3_deleted_only,Pfhrp3-,,,Pfhrp2+,Pfhrp3-,,,,
SILR5510,21.986,NA,20.828,21.619,HRP3_deleted_only,Pfhrp3-,,,Pfhrp2+,Pfhrp3-,,,,
SILR5518,23.725,NA,21.545,22.752,HRP3_deleted_only,Pfhrp3-,,,Pfhrp2+,Pfhrp3-,,,,
AMJI031334,20.848,19.401,21.318,20.251,WT,WT,,,Pfhrp2+,Pfhrp3+,,,,
AMJI031342,22.387,NA,21.435,21.567,HRP3_deleted_only,Pfhrp3-,,,Pfhrp2+,Pfhrp3-,,,,
AFWO3427,24.764,44.313,22.969,24.158,HRP3_deleted_only,Pfhrp3-,,,Pfhrp2+,Pfhrp3-,,,,
AFWO3435,19.547,18.845,20.090,18.909,WT,WT,,,Pfhrp2+,Pfhrp3+,,,,
AFWO3443,21.896,20.668,22.429,21.059,WT,WT,,,Pfhrp2+,Pfhrp3+,,,,
AMHA1707,NA,34.509,21.608,23.475,HRP2_deleted & Possible hrp3 deletion mixed infection,Pfhrp2-/3+,mixed infection visiual revision ,,Pfhrp2-,Pfhrp3+,mixed infection visiual revision ,,,
AMHA485,25.494,23.811,25.485,24.672,WT,WT,,,Pfhrp2+,Pfhrp3+,,,,
TGSH4246,24.242,NA,23.775,23.889,HRP3_deleted_only,Pfhrp3-,,,Pfhrp2+,Pfhrp3-,,,,
TGSH4254,26.618,NA,22.906,25.356,HRP3_deleted_only,Pfhrp3-,,,Pfhrp2+,Pfhrp3-,,,,
SILR5503,25.228,NA,22.793,24.576,Possible hrp3 deletion mixed infection,Pfhrp2+/3-,,,Pfhrp2+,Pfhrp3-,,,,
SILR5511,24.291,NA,22.642,23.222,HRP3_deleted_only,Pfhrp3-,,,Pfhrp2+,Pfhrp3-,,,,
SILR5519,29.778,NA,29.419,29.133,HRP3_deleted_only,Pfhrp3-,,,Pfhrp2+,Pfhrp3-,,,,
AMJI031335,23.129,33.030,22.598,21.982,Possible hrp3 deletion mixed infection,Pfhrp2+/3-,visual revision mixed infection,,Pfhrp2+,Pfhrp3-,Mixed infction manual revision ,,,
AMJI031343,26.725,31.623,22.048,26.008,Possible hrp3 deletion mixed infection,Pfhrp2+/3+,mixed infection,,Pfhrp2+,Pfhrp3+,mixed infection,,,
AFWO3428,24.890,NA,22.097,24.067,HRP3_deleted_only,Pfhrp3-,,,Pfhrp2+,Pfhrp3-,,,,
AFWO3436,25.518,24.408,21.286,24.056,WT,WT,,,Pfhrp2+,Pfhrp3+,,,,
AFWO3444,23.775,22.218,21.801,22.816,WT,WT,,,Pfhrp2+,Pfhrp3+,,,,
AMHA1708,NA,36.268,21.391,22.381,HRP2 deleted & Possible hrp3 deletion,Pfhrp2-/3+,,,Pfhrp2-,Pfhrp3+,,,,
TGSH4239,NA,NA,28.333,27.920,Double_deleted,Pfhrp2-/3-,,,Pfhr2-,Pfhr3-,,,,
TGSH4247,NA,NA,24.137,25.240,Double_deleted,Pfhrp2-/3-,,,Pfhr2-,Pfhr3-,,,,
TGSH4255,NA,37.831,24.156,25.069,HRP2 deleted & Possible hrp3 deletion,Pfhrp2-/3+,,,Pfhrp2-,Pfhrp3+,,,,
SILR5504,24.258,36.988,23.636,23.752,Possible hrp3 deletion,Pfhrp2+/3-,,,Pfhrp2+,Pfhrp3-,,,,
SILR5512,NA,NA,21.501,NA,Inseficient DNA,Inseficient DNA,,,N/A,N/A,Inseficient DNA,,,
SILR5520,26.151,41.913,26.354,25.481,HRP3_deleted_only,Pfhrp3-,,,Pfhrp2+,Pfhrp3-,,,,
AMJI031336,31.203,28.719,23.276,24.289,Possible hrp2 deletion mixed infection,Pfhrp2+/3+,mixed infection,,Pfhrp2+,Pfhrp3+,mixed infection,,,
AMJI031344,41.039,NA,24.510,26.780,Double_deleted,Pfhrp2-/3-,,,Pfhr2-,Pfhr3-,,,,
AFWO3429,26.729,NA,25.737,26.634,HRP3_deleted_only,Pfhrp3-,,,Pfhrp2+,Pfhrp3-,,,,
AFWO3437,37.286,NA,24.597,NA,Inseficient DNA,Inseficient DNA,,,N/A,N/A,Inseficient DNA,,,
AMHA1701,26.490,NA,25.796,26.222,HRP3_deleted_only,Pfhrp3-,,,Pfhrp2+,Pfhrp3-,,,,
AMHA4853,26.632,NA,26.114,26.345,HRP3_deleted_only,Pfhrp3-,,,Pfhrp2+,Pfhrp3-,,,,
TGSH4240,29.321,27.736,28.286,28.740,WT,WT,,,Pfhrp2+,Pfhrp3+,,,,
TGSH4248,NA,NA,29.790,34.366,Double_deleted,Pfhrp2-/3-,,,Pfhr2-,Pfhr3-,,,,
TGSH4256,NA,NA,27.532,27.039,Double_deleted,Pfhrp2-/3-,,,Pfhr2-,Pfhr3-,,,,
SILR5505,26.733,32.672,26.747,27.136,Possible hrp3 deletion mixed infection,Pfhrp2+/3+,mixed infection,,Pfhrp2+,Pfhrp3+,mixed infection,,,
SILR5513,24.514,NA,24.492,24.586,HRP3_deleted_only,Pfhrp3-,,,Pfhrp2+,Pfhrp3-,,,,
SILR5521,NA,NA,NA,37.021,Humman DNA not amplified,Humman DNA not amplified,,,N/A,N/A,Humman DNA not amplified,,,
AMJI031337,25.681,40.484,28.237,25.291,HRP3_deleted_only,Pfhrp3-,,,Pfhrp2+,Pfhrp3-,,,,
AFWO3422,26.982,25.535,26.799,26.175,WT,WT,,,Pfhrp2+,Pfhrp3+,,,,
AFWO3430,27.701,NA,26.671,27.941,HRP3_deleted_only,Pfhrp3-,,,Pfhrp2+,Pfhrp3-,,,,
AFWO3438,27.567,NA,27.375,27.839,HRP3_deleted_only,Pfhrp3-,,,Pfhrp2+,Pfhrp3-,,,,
AMHA1702,NA,NA,29.489,29.275,Double_deleted,Pfhrp2-/3-,,,Pfhr2-,Pfhr3-,,,,
AMHA4854,NA,NA,28.742,29.401,Double_deleted,Pfhrp2-/3-,,,Pfhr2-,Pfhr3-,,,,
TGSH4241,30.446,29.070,28.289,29.014,WT,WT,,,Pfhrp2+,Pfhrp3+,,,,
TGSH4249,37.222,31.111,28.710,30.867,Possible hrp2 deletion mixed infection,Pfhrp2-/3+,mixed infection,,Pfhrp2-,Pfhrp3+,mixed infection,,,
TGSH4257,NA,NA,26.635,26.015,Double_deleted,Pfhrp2-/3-,,,Pfhr2-,Pfhr3-,,,,
SILR5506,27.602,27.415,25.915,27.610,WT,WT,,,Pfhrp2+,Pfhrp3+,,,,
SILR5514,31.578,NA,28.108,32.517,HRP3_deleted_only,Pfhrp3-,,,Pfhrp2+,Pfhrp3-,,,,
AMJI031338,20.890,31.443,21.545,20.183,Possible hrp3 deletion mixed infection,Pfhrp2+/3+,mixed infection,,Pfhrp2+,Pfhrp3+,mixed infection,,,
AFWO3423,21.706,33.606,21.240,21.156,Possible hrp3 deletion mixed infection,Pfhrp2+/3+,mixed infection,,Pfhrp2+,Pfhrp3+,mixed infection,,,
AFWO3431,22.770,NA,22.121,22.122,HRP3_deleted_only,Pfhrp3-,,,Pfhrp2+,Pfhrp3-,,,,
AFWO3439,22.950,21.713,20.821,21.747,WT,WT,,,Pfhrp2+,Pfhrp3+,,,,
AMHA1703,21.377,33.120,21.001,19.939,Possible hrp3 deletion mixed infection,Pfhrp2+/3+,mixed infection,,Pfhrp2+,Pfhrp3+,mixed infection,,,
AMHA4855,NA,NA,23.540,26.959,Double_deleted,Pfhrp2-/3-,,,Pfhr2-,Pfhr3-,,,,
TGSH4242,NA,NA,22.997,25.859,Double_deleted,Pfhrp2-/3-,,,Pfhr2-,Pfhr3-,,,,
TGSH4250,NA,NA,23.975,26.021,Double_deleted,Pfhrp2-/3-,,,Pfhr2-,Pfhr3-,,,,
TGSH4258,23.059,27.195,23.311,21.719,Possible hrp3 deletion mixed infection,Pfhrp2+/3+,mixed infection,,Pfhrp2+,Pfhrp3+,mixed infection,,,
SILR5507,24.414,NA,22.725,23.511,HRP3_deleted_only,Pfhrp3-,,,Pfhrp2+,Pfhrp3-,,,,
SILR5515,NA,39.089,22.802,NA,Inseficient DNA,Inseficient DNA,,,N/A,N/A,Inseficient DNA,,,
AMJI031339,26.775,26.062,22.036,25.785,WT,WT,,,Pfhrp2+,Pfhrp3+,,,,
AFWO3424,30.629,35.323,22.894,24.211,Possible hrp2 deletion mixed infection & Possible hrp3 deletion ,Possible hrp3 deletion,mixed infection,,Pfhrp2+,Possible hrp3 deletion,mixed infection ,,,
AFWO3432,NA,NA,24.077,25.668,Double_deleted,Pfhrp2-/3-,,,Pfhr2-,Pfhr3-,,,,
AFWO3440,23.208,21.985,21.573,22.392,WT,WT,,,Pfhrp2+,Pfhrp3+,,,,
AMHA1704,NA,NA,23.297,28.201,Double_deleted,Pfhrp2-/3-,,,Pfhr2-,Pfhr3-,,,,
AMHA4856,30.272,28.862,22.746,29.799,WT,WT,,,Pfhrp2+,Pfhrp3+,,,,
TGSH4243,34.367,NA,23.118,23.557,HRP3_deleted & Possible hrp2 deletion mixed infection,Pfhrp2+/3-,mixed infection,,Pfhrp2+,Pfhrp3-,Mixed infction,,,
TGSH4251,NA,NA,25.113,26.464,Double_deleted,Pfhrp2-/3-,,,Pfhr2-,Pfhr3-,,,,
SILR5500,23.376,43.881,23.213,22.211,HRP3_deleted_only,Pfhrp3-,,,Pfhrp2+,Pfhrp3-,,,,
SILR5508,26.159,NA,25.201,25.498,HRP3_deleted_only,Pfhrp3-,,,Pfhrp2+,Pfhrp3-,,,,
SILR5516,23.771,NA,23.789,23.225,HRP3_deleted_only,Pfhrp3-,,,Pfhrp2+,Pfhrp3-,,,,
AMJI031340,23.855,31.747,22.348,23.262, Possible hrp3 deletion mixed infection,Possible hrp3 deletion,mixed infection,,Pfhrp2+,Possible hrp3 deletion,mixed infection ,,,
AFWO3425,NA,NA,22.978,23.868,Double_deleted,Pfhrp2-/3-,,,Pfhr2-,Pfhr3-,,,,
AFWO3433,24.920,NA,23.310,24.274,HRP3_deleted_only,Pfhrp3-,,,Pfhrp2+,Pfhrp3-,,,,
AFWO3441,21.646,20.350,21.948,20.556,WT,WT,,,Pfhrp2+,Pfhrp3+,,,,
AMHA1705,NA,35.510,21.874,NA,Inseficient DNA,Inseficient DNA,,,N/A,N/A,Inseficient DNA,,,
AMHA4857,23.860,NA,22.548,23.226,HRP3_deleted_only,Pfhrp3-,,,Pfhrp2+,Pfhrp3-,,,,
TGSH4244,24.912,NA,24.191,24.471,HRP3_deleted_only,Pfhrp3-,,,Pfhrp2+,Pfhrp3-,,,,
TGSH4252,26.945,25.529,23.815,25.990,WT,WT,,,Pfhrp2+,Pfhrp3+,,,,
SILR5501,23.813,35.763,24.661,23.050, Possible hrp3 deletion,Possible hrp3 deletion,,,Pfhrp2+,Possible hrp3 deletion,,,,
SILR5509,NA,NA,22.034,NA,Inseficient DNA,Inseficient DNA,,,N/A,N/A,Inseficient DNA,,,
SILR5517,24.529,34.996,24.016,24.307, Possible hrp3 deletion mixed infection,Pfhrp2+/3+,mixed infection,,Pfhrp2+,Pfhrp3+,mixed infection,,,
dile6074,NA,NA,25.388,24.190,Double,,,,Pfhrp2-,Pfhrp3-,,,,
dile6084,23.911,NA,23.850,22.967,hrp3_deleted_only,,,,Pfhrp2+,Pfhrp3-,,,,
dile6092,28.325,27.700,24.365,26.848,WT,,,,Pfhrp2+,Pfhrp3+,,,,
dile6071,26.525,NA,24.840,25.226,hrp3_deleted_only,,,,Pfhrp2+,Pfhrp3-,,,,
AMWO031587,NA,23.511,23.128,23.238,hrp2_deleted_only,,,,Pfhrp2-,Pfhrp3+,,,,
GAAB2307,NA,35.845,23.949,22.659,hrp2_deleted_only & Possible hrp3 deletion,,,,Pfhrp2-,Possible hrp3 deletion,,,,
SNDI071888,26.500,25.686,24.194,25.008,WT,,,,Pfhrp2+,Pfhrp3+,,,,
SNDI071897,28.510,27.667,27.241,27.585,WT,,,,Pfhrp2+,Pfhrp3+,,,,
SNDI071905,20.600,20.264,22.721,19.381,WT,,,,Pfhrp2+,Pfhrp3+,,,,
TGYE3691,22.852,35.957,25.849,23.180,Possible hrp3 deletion,,,,Pfhrp2+,Possible hrp3 deletion,,,,
TGYE3699,25.742,NA,24.202,24.374,hrp3_deleted_only,,,,Pfhrp2+,Pfhrp3-,,,,
TGYE3707,19.744,NA,22.562,19.610,hrp3_deleted_only,,,,Pfhrp2+,Pfhrp3-,,,,
dile6076,25.970,35.821,24.836,24.438,Possible hrp3 deletion,,,,Pfhrp2+,Possible hrp3 deletion,,,,
dile6085,30.272,28.610,26.439,26.883,Possible hrp2 deletion mixed infection,,,,Pfhrp2+,Pfhrp3+,mixed infection,,,
dile6093,27.619,NA,24.765,26.409,hrp3_deleted_only,,,,Pfhrp2+,Pfhrp3-,,,,
dile6072,26.315,NA,24.244,25.122,hrp3_deleted_only,,,,Pfhrp2+,Pfhrp3-,,,,
DILE6100,37.522,NA,24.492,NA,insufficient DNA,,,,NA,NA,insufficient DNA,,,
GAAB2308,25.005,23.648,24.739,22.808,WT,,,,Pfhrp2+,Pfhrp3+,,,,
SNDI071889,27.055,26.363,25.275,25.132,WT,,,,Pfhrp2+,Pfhrp3+,,,,
SNDI071898,24.169,NA,24.328,22.970,hrp3_deleted_only,,,,Pfhrp2+,Pfhrp3-,,,,
SNDI071906,20.798,20.934,25.278,20.331,WT,,,,Pfhrp2+,Pfhrp3+,,,,
TGYE3692,31.445,44.810,22.712,29.561,hrp3_deleted_only,,,,Pfhrp2+,Pfhrp3-,,,,
TGYE3700,24.902,26.125,25.619,23.577,WT,,,,Pfhrp2+,Pfhrp3+,,,,
TGYE3708,24.935,NA,22.058,24.350,hrp3_deleted_only,,,,Pfhrp2+,Pfhrp3-,,,,
dile6078,25.000,24.718,26.105,23.121,WT,,,,Pfhrp2+,Pfhrp3+,,,,
dile6086,NA,NA,25.990,24.866,Double,,,,Pfhrp2-,Pfhrp3-,,,,
dile6094,25.805,24.748,25.218,22.598,WT,,,,Pfhrp2+,Pfhrp3+,,,,
dile6073,NA,NA,25.760,NA,insufficient DNA,,,,NA,NA,insufficient DNA,,,
GAAB2301,31.799,30.831,25.285,30.876,WT,,,,Pfhrp2+,Pfhrp3+,,,,
GAAB2309,25.405,24.796,25.256,23.941,WT,,,,Pfhrp2+,Pfhrp3+,,,,
SNDI071891,23.165,22.372,24.344,21.323,WT,,,,Pfhrp2+,Pfhrp3+,,,,
SNDI071899,25.474,25.174,24.171,24.162,WT,,,,Pfhrp2+,Pfhrp3+,,,,
SNDI071907,22.637,35.696,21.168,21.777,Possible hrp3 deletion,,,,Pfhrp2+,Possible hrp3 deletion,,,,
TGYE3693,23.716,22.814,23.589,21.868,WT,,,,Pfhrp2+,Pfhrp3+,,,,
TGYE3701,24.579,36.269,24.243,23.339,Possible hrp3 deletion,,,,Pfhrp2+,Possible hrp3 deletion,,,,
TGYE3709,18.567,NA,20.080,16.809,hrp3_deleted_only,,,,Pfhrp2+,Pfhrp3-,,,,
dile6079,24.451,NA,26.417,22.908,hrp3_deleted_only,,,,Pfhrp2+,Pfhrp3-,,,,
dile6087,27.408,NA,26.971,26.677,hrp3_deleted_only,,,,Pfhrp2+,Pfhrp3-,,,,
dile6095,26.124,NA,23.673,24.802,hrp3_deleted_only,,,,Pfhrp2+,Pfhrp3-,,,,
AMWO031582,38.402,25.803,25.856,25.338,Possible hrp2 deletion,,,,Possible hrp2 deletion,Pfhrp3+,,,,
GAAB2302,30.309,29.201,24.571,29.170,WT,,,,Pfhrp2+,Pfhrp3+,,,,
GAAB2310,30.209,28.801,26.536,28.841,WT,,,,Pfhrp2+,Pfhrp3+,,,,
SNDI071892,26.858,26.273,26.055,25.003,WT,,,,Pfhrp2+,Pfhrp3+,,,,
SNDI071900,25.954,25.498,25.043,24.700,WT,,,,Pfhrp2+,Pfhrp3+,,,,
SNDI071908,30.159,30.041,23.461,29.463,WT,,,,Pfhrp2+,Pfhrp3+,,,,
TGYE3694,36.797,22.756,25.452,24.247,Possible hrp2 deletion,,,,Possible hrp2 deletion,Pfhrp3+,,,,
TGYE3702,30.847,NA,25.918,26.989,hrp3_deleted & Possible hrp2 deletion mixed infection,,,,Pfhrp2+,Pfhrp3-,mixed infection,,,
TGYE3710,NA,NA,24.324,NA,insufficient DNA,,,,NA,NA,insufficient DNA,,,
dile6080,NA,NA,26.739,NA,insufficient DNA,,,,NA,NA,insufficient DNA,,,
dile6088,NA,NA,25.609,NA,insufficient DNA,,,,NA,NA,insufficient DNA,,,
dile6096,41.604,NA,23.880,26.993,Double,,,,Pfhrp2-,Pfhrp3-,,,,
AMWO031583,NA,38.273,27.544,29.476,hrp2_deleted & Possible hrp3 deletion,,,,Pfhrp2-,Possible hrp3 deletion,,,,
GAAB2303,24.222,23.783,24.642,22.589,WT,,,,Pfhrp2+,Pfhrp3+,,,,
GAAB2311,32.140,30.452,25.968,30.795,WT,,,,Pfhrp2+,Pfhrp3+,,,,
SNDI071893,25.750,25.299,24.122,24.840,WT,,,,Pfhrp2+,Pfhrp3+,,,,
SNDI071901,30.702,36.972,26.086,29.584,Possible hrp3 deletion,,,,Pfhrp2+,Possible hrp3 deletion,,,,
SNDI071909,24.544,24.232,25.318,22.974,WT,,,,Pfhrp2+,Pfhrp3+,,,,
TGYE3695,23.736,22.523,21.790,21.299,WT,,,,Pfhrp2+,Pfhrp3+,,,,
TGYE3703,33.820,NA,25.018,32.277,hrp3_deleted_only,,,,Pfhrp2+,Pfhrp3-,,,,
dile6081,26.446,26.078,25.769,24.930,WT,,,,Pfhrp2+,Pfhrp3+,,,,
dile6089,28.992,NA,25.808,28.316,hrp3_deleted_only,,,,Pfhrp2+,Pfhrp3-,,,,
dile6097,33.832,NA,26.351,33.871,hrp3_deleted_only,,,,Pfhrp2+,Pfhrp3-,,,,
AMWO031584,NA,NA,26.909,28.593,Double,,,,Pfhrp2-,Pfhrp3-,,,,
GAAB2304,26.308,25.366,25.813,24.764,WT,,,,Pfhrp2+,Pfhrp3+,,,,
GAAB2312,30.517,30.130,24.763,29.941,WT,,,,Pfhrp2+,Pfhrp3+,,,,
SNDI071894,28.270,27.519,26.007,26.920,WT,,,,Pfhrp2+,Pfhrp3+,,,,
SNDI071902,25.809,25.326,26.434,24.556,WT,,,,Pfhrp2+,Pfhrp3+,,,,
SNDI071910,26.282,NA,24.944,25.138,hrp3_deleted_only,,,,Pfhrp2+,Pfhrp3-,,,,
TGYE3696,25.006,NA,25.699,23.478,hrp3_deleted_only,,,,Pfhrp2+,Pfhrp3-,,,,
TGYE3704,26.897,NA,25.346,25.899,hrp3_deleted_only,,,,Pfhrp2+,Pfhrp3-,,,,
dile6082,25.469,23.995,25.310,22.016,WT,,,,Pfhrp2+,Pfhrp3+,,,,
dile6090,26.680,26.477,25.650,25.492,WT,,,,Pfhrp2+,Pfhrp3+,,,,
dile6098,NA,24.919,26.488,23.953,hrp2_deleted_only,,,,Pfhrp2-,Pfhrp3+,,,,
AMWO031585,NA,25.712,25.936,25.084,hrp2_deleted_only,,,,Pfhrp2-,Pfhrp3+,,,,
GAAB2305,27.310,26.329,26.583,21.294,Possible hrp2 and hrp3 deletion mixed infection,,,,Pfhrp2+,Pfhrp3+,mixed infection,,,
SNDI071886,22.892,22.315,23.763,21.417,WT,,,,Pfhrp2+,Pfhrp3+,,,,
SNDI071895,24.343,24.112,25.481,23.052,WT,,,,Pfhrp2+,Pfhrp3+,,,,
SNDI071903,25.132,NA,25.105,23.973,hrp3_deleted_only,,,,Pfhrp2+,Pfhrp3-,,,,
TGYE3689,28.476,NA,26.514,26.753,hrp3_deleted_only,,,,Pfhrp2+,Pfhrp3-,,,,
TGYE3697,23.420,NA,21.258,21.979,hrp3_deleted_only,,,,Pfhrp2+,Pfhrp3-,,,,
TGYE3705,26.104,NA,26.422,24.664,hrp3_deleted_only,,,,Pfhrp2+,Pfhrp3-,,,,
dile6083,21.631,36.246,25.058,21.310,Possible hrp3 deletion,,,,Pfhrp2+,Possible hrp3 deletion,,,,
dile6091,25.541,NA,26.333,24.502,hrp3_deleted_only,,,,Pfhrp2+,Pfhrp3-,,,,
dile6099,29.468,NA,27.285,28.329,hrp3_deleted_only,,,,Pfhrp2+,Pfhrp3-,,,,
AMWO031586,39.270,25.578,26.215,25.325,Possible hrp2 deletion,,,,Possible hrp2 deletion,Pfhrp3+,,,,
GAAB2306,29.703,28.610,26.127,28.232,WT,,,,Pfhrp2+,Pfhrp3+,,,,
SNDI071887,25.822,NA,25.374,24.842,WT,,,,Pfhrp2+,Pfhrp3-,,,,
SNDI071896,27.258,27.225,25.132,26.393,WT,,,,Pfhrp2+,Pfhrp3+,,,,
SNDI071904,32.873,30.821,26.014,30.838,WT,,,,Pfhrp2+,Pfhrp3+,,,,
TGYE3690,26.396,NA,26.526,24.925,hrp3_deleted_only,,,,Pfhrp2+,Pfhrp3-,,,,
TGYE3698,23.694,NA,21.679,22.138,hrp3_deleted_only,,,,Pfhrp2+,Pfhrp3-,,,,
TGYE3706,22.172,NA,24.813,20.655,WT,,,,Pfhrp2+,Pfhrp3-,,,,