study_id,Region,crt_76T,dhfr_51I,dhfr_59R,dhfr_108N,dhps_437G,dhps_540E,dhps_581G,mdr1_N86,mdr1_184F,mdr1_D1246,k13_433D,k13_441L,k13_574L,Mutation_622I,k13_658E,k13_675V,meancoi,mediancoi
SEBI1562,S_ETHIOPIA,NA,1,0.939398142,1,1,0.866013986,0,1,1,1,0,0,NA,NA,0,0,2,2
AMAN030981,AMHARA,0.804054054,1,0,1,1,0.821226849,0,1,1,1,0,0,NA,NA,0,0,3,3
AMAN030972,AMHARA,1,1,0,1,1,1,0,NA,1,1,0,0,NA,NA,0,0,1,1
SEBI1576,S_ETHIOPIA,NA,1,1,1,1,1,0,1,NA,1,0,0,NA,NA,0,0,1,1
SEBI1519,S_ETHIOPIA,NA,NA,NA,NA,NA,NA,NA,NA,NA,NA,NA,NA,NA,NA,NA,NA,NA,NA
SEBI1567,S_ETHIOPIA,NA,1,1,1,1,1,0,1,1,1,0,0,NA,NA,0,0,1,1
AMAN030955,AMHARA,NA,NA,NA,NA,NA,NA,NA,NA,NA,NA,NA,NA,NA,NA,NA,NA,NA,NA
AMAN030962,AMHARA,NA,NA,NA,NA,NA,NA,NA,NA,NA,NA,NA,NA,NA,NA,NA,NA,NA,NA
AMAN030954,AMHARA,NA,NA,NA,NA,NA,NA,NA,NA,NA,NA,NA,NA,NA,NA,NA,NA,NA,NA
AMAN030965,AMHARA,NA,1,0,1,NA,1,NA,NA,NA,NA,NA,NA,NA,NA,NA,NA,NA,NA
SEBI1517,S_ETHIOPIA,NA,NA,NA,NA,NA,NA,NA,NA,NA,NA,NA,NA,NA,NA,NA,NA,NA,NA
SILR5512,SIDAMA,NA,1,0.509161041,1,0,0.169474455,NA,NA,NA,NA,0,0,NA,NA,NA,NA,3,3
SILR5509,SIDAMA,NA,1,1,NA,NA,NA,NA,NA,1,NA,NA,NA,NA,NA,NA,NA,NA,NA
SILR5515,SIDAMA,NA,1,0,1,1,NA,0,1,1,1,0,0,NA,NA,0.032009038,0.317642629,1,1
AMWO031584,AMHARA,0.065671642,1,0.028845422,1,0.966738583,0.905950895,0,1,1,1,0,0,NA,NA,0,0,2,2
SNDI071904,S_ETHIOPIA,1,1,0.887869521,1,1,0.969208211,0,1,1,1,0,0,NA,NA,0,0,1,1
DILE6079,DIRE DAWA,NA,1,1,1,1,1,0,1,NA,1,0,0,NA,NA,0,0,1,1
TGYE3703,TIGRAY,NA,1,0.084935269,1,0,0.076367243,0,1,1,1,0,0,NA,NA,0,0,2,2
TGYE3692,TIGRAY,NA,1,0,1,0,0.558471363,0.147083686,1,1,1,0,0,NA,NA,0,0,3,3
TGYE3710,TIGRAY,0.451581028,1,0.894907271,NA,1,0.945839031,0,1,1,NA,0,0,NA,NA,0,0,1,1
AFWO3437,AFAR,NA,1,1,1,NA,1,NA,NA,NA,NA,NA,NA,NA,NA,NA,NA,2,2
AMAN030930,AMHARA,NA,NA,NA,NA,NA,NA,NA,NA,NA,NA,NA,NA,NA,NA,NA,NA,NA,NA
AMAN030931,AMHARA,NA,1,0,1,1,1,0,1,NA,1,0,0,NA,NA,0,0,1,1
AMAN030935,AMHARA,NA,1,1,1,NA,1,NA,NA,NA,1,0,0,NA,NA,0,0,2,2
AMAN030982,AMHARA,NA,NA,NA,NA,NA,NA,NA,NA,NA,NA,NA,NA,NA,NA,NA,NA,NA,NA
AMAN031006,AMHARA,NA,NA,NA,NA,NA,NA,NA,NA,NA,NA,NA,NA,NA,NA,NA,NA,NA,NA
AMAN030963,AMHARA,NA,NA,NA,NA,NA,NA,NA,NA,NA,NA,NA,NA,NA,NA,NA,NA,NA,NA
AMAN030959,AMHARA,NA,1,0,1,NA,NA,NA,NA,NA,NA,0,0,NA,NA,NA,NA,NA,NA
AMAN030960,AMHARA,NA,1,0,1,NA,1,0.873134328,NA,NA,1,0,0,NA,NA,0,0,3,3
AMAN030970,AMHARA,1,1,0.023368251,1,NA,1,NA,NA,1,NA,0,0,NA,NA,NA,NA,1,1
AMAN030974,AMHARA,1,1,0,1,1,1,0,NA,1,1,0,0,NA,NA,0,0,1,1
SNDI071886,S_ETHIOPIA,NA,NA,NA,NA,NA,NA,NA,NA,NA,NA,NA,NA,NA,NA,NA,NA,NA,NA
DILE6089,DIRE DAWA,NA,1,0,1,NA,0,NA,NA,NA,NA,0,0,NA,NA,NA,NA,NA,NA
DILE6096,DIRE DAWA,NA,NA,NA,NA,NA,NA,NA,NA,NA,NA,NA,NA,NA,NA,NA,NA,NA,NA
DILE6097,DIRE DAWA,1,1,0.595718654,1,1,0.752416844,0,NA,1,1,0,0,NA,NA,0,0,2,2
DILE6073,DIRE DAWA,0.384810127,1,1,NA,0.368362832,1,0,1,NA,1,0,0,NA,NA,NA,NA,2,2
AMHA4855,AMHARA,0.896613191,1,0.035529144,1,1,1,0,1,1,1,0,0,NA,NA,0,0,1,1
AMHA1701,AMHARA,NA,1,0,1,NA,0,NA,NA,1,NA,NA,NA,NA,NA,NA,NA,NA,NA
AMHA1704,AMHARA,1,1,0,1,1,1,NA,NA,1,NA,0,0,NA,NA,0,0,1,1
AMHA1705,AMHARA,1,NA,NA,NA,1,NA,NA,1,NA,NA,0,0,NA,NA,NA,NA,NA,NA
AMHA4856,AMHARA,1,1,0,1,0.16418627,0.159446669,0,1,1,1,0,0,NA,NA,0,0,1,1
SEBI1505,S_ETHIOPIA,NA,NA,NA,NA,NA,NA,NA,NA,NA,NA,NA,NA,NA,NA,NA,NA,NA,NA
SEBI1522,S_ETHIOPIA,NA,1,0.057283142,1,0.973170344,0.946535006,0,1,1,1,0,0,NA,NA,0,0,1,1
SEBI1570,S_ETHIOPIA,NA,1,0.954331333,1,1,0.916068569,0,1,1,1,0,0,NA,NA,0,0,2,2
SILR5506,SIDAMA,NA,1,1,1,1,1,0,1,1,1,0,0,NA,NA,0,0,2,2
SILR5508,SIDAMA,NA,1,1,1,1,1,0,1,1,1,0,0,NA,NA,0,0,1,1
AMWO031582,AMHARA,NA,1,1,1,1,1,NA,NA,NA,NA,0,0,NA,NA,NA,NA,1,1
AMWO031583,AMHARA,0.101214575,1,0,1,1,0.944862155,0,1,1,1,0,0,NA,NA,0,0,1,1
GAAB2302,GAMBELA,0,1,0.300567334,1,0.094387755,0.431875238,0,1,0.240904621,1,0,0,NA,NA,0,0,3,2
GAAB2310,GAMBELA,1,1,0,1,0.041489863,0,0,1,1,1,0,0,NA,NA,0,0,2,2
GAAB2311,GAMBELA,0,1,1,1,0,0.078846969,0,1,1,1,0,0,NA,NA,0,0,1,1
DILE6088,DIRE DAWA,NA,NA,NA,1,1,0.51285823,0,NA,NA,NA,NA,NA,NA,NA,NA,NA,1,1
AMAN030956,AMHARA,1,1,0,1,1,1,1,1,1,1,0,0,0,Mutant,0,0,1,1
AMAN031003,AMHARA,1,1,0,1,1,1,0,1,1,1,0,0,0,Mutant,0,0,1,1
AMAN030967,AMHARA,1,1,0,1,1,1,0,1,1,1,0,0,0,Mutant,0,0,1,1
AMAN030968,AMHARA,1,1,0,1,1,1,0,1,1,1,0,0,0,Mutant,0,0,1,1
AMAN030958,AMHARA,1,1,0,1,0.916878711,1,1,1,1,1,0,0,0,Mutant,0,0,1,1
AMAN031001,AMHARA,1,1,0,1,1,1,0,1,1,1,0,0,0,Mutant,0,0,1,1
AMAN031002,AMHARA,1,1,0,1,1,1,0,1,1,1,0,0,0,Mutant,0,0,1,1
AMJI031335,AMHARA,1,1,1,1,1,1,0,1,1,1,0,0,0,Mutant,0,0,1,1
SEBI1544,S_ETHIOPIA,1,1,0,1,1,1,0,1,1,1,0,0,0,Mutant,0,0,1,1
DILE6098,DIRE DAWA,1,1,0,1,1,1,0,1,1,1,0,0,0,Mutant,0,0,1,1
TGYE3695,TIGRAY,0.157807309,1,0.149576363,1,1,1,0,1,1,1,0,0,0,Mutant,0,0,2,2
TGYE3699,TIGRAY,0,1,0,1,1,1,0,1,1,1,0,0,0,Mutant,0,0,2,2
TGYE3704,TIGRAY,0,1,0,1,1,1,0,1,1,1,0,0,0,Mutant,0,0,1,1
TGYE3693,TIGRAY,0,1,0.271408312,1,1,1,0,1,1,1,0,0,0,Mutant,0,0,1,1
TGYE3698,TIGRAY,0.715019643,1,0,1,1,1,0,1,1,1,0,0,0,Mutant,0,0,1,1
TGYE3700,TIGRAY,0.463245492,1,0.57299926,1,0.834154827,0.84191947,0,1,1,1,0,0,0,Mutant,0,0,2,2
TGYE3696,TIGRAY,1,1,0.870501352,1,1,1,0,1,1,1,0,0,0,Mutant,0,0,1,1
TGYE3697,TIGRAY,1,1,0,1,1,1,0,1,1,1,0,0,0,Mutant,0,0,1,1
AMAN030936,AMHARA,1,1,1,1,1,1,0,1,1,1,0,0,0,Mutant,0,0,1,1
AMAN030964,AMHARA,1,1,0,1,1,1,0,1,1,1,0,0,0,Mutant,NA,NA,1,1
AMAN030957,AMHARA,1,1,0,1,1,0.966232853,1,1,1,1,0,0,0,Mutant,0,0,1,1
DILE6086,DIRE DAWA,1,1,0,1,1,1,0,1,1,1,0,0,0,Mutant,0,0,1,1
DILE6092,DIRE DAWA,1,1,0,1,1,1,0,1,1,1,0,0,0,Mutant,0,0,1,1
DILE6099,DIRE DAWA,1,1,0,1,1,1,0,1,1,1,0,0,0,Mutant,0,0,1,1
AMHA1708,AMHARA,1,1,0,1,1,1,0,1,1,1,0,0,0,Mutant,0,0,1,1
AMHA4854,AMHARA,1,1,0,1,0,0,0,1,1,1,0,0,0,Mutant,0,0,1,1
TGYE3689,TIGRAY,0.96875,1,0,1,1,1,0,1,1,1,0,0,0,Mutant,0,0,1,1
TGYE3701,TIGRAY,1,1,0,1,1,1,0,1,1,1,0,0,0,Mutant,0,0,1,1
AMAN030934,AMHARA,0,1,0,1,1,1,0,1,1,1,0,0,0,Mutant,0,0,1,1
AMAN030929,AMHARA,0.044329675,1,0.03322223,1,1,1,0,1,1,1,0,0,0,Mutant,0,0,1,1
AMAN030969,AMHARA,1,1,0,1,1,1,0,1,1,1,0,0,0,Mutant,0,0,1,1
AMAN030937,AMHARA,0.868331543,1,0.845217621,1,1,1,0,1,1,1,0,0,0,Mutant,0,0,1,1
TGYE3708,TIGRAY,0,1,0,1,1,1,0,1,1,1,0,0,0,Mutant,0,0,4,3
AMAN030961,AMHARA,0.934934397,1,0.057698905,1,1,1,1,1,1,1,0,0,0,Mutant,0,0,1,1
AMAN030939,AMHARA,0.939289805,1,0.718335788,1,0.963029067,0.786301528,0,1,1,1,0,0,0,Mutant,0,0,2,2
TGYE3691,TIGRAY,0.033661315,1,0,1,1,1,0,1,1,1,0,0,0,Mutant,0,0,3,3
AMAN030938,AMHARA,0.782830429,1,0.649400328,1,0.950650468,0.69988576,0,1,1,1,0,0,0,Mutant,0,0,7,7
AMAN031000,AMHARA,1,1,0.15147732,1,1,1,0,1,1,1,0,0,0,Mutant,0,0,2,2
AMAN030995,AMHARA,1,1,0.211809674,1,1,1,0,1,1,1,0,0,0,Mutant,0,0,2,2
AMAN030996,AMHARA,1,1,0.237691614,1,1,1,0,1,1,1,0,0,0,Mutant,0,0,2,2
AMAN030997,AMHARA,1,1,0.286134608,1,1,1,0,1,1,1,0,0,0,Mutant,0,0,2,2
AMAN030998,AMHARA,0.832054176,1,0.310563883,1,0.962561232,0.906487538,0,1,1,1,0,0,0,Mutant,0,0,3,3
AMAN030940,AMHARA,0.826487252,0.972508352,0.656806793,1,0.959356247,0.856641684,0,1,1,1,0,0,0,Mutant,0,0,4,4
AMAN030999,AMHARA,1,1,0.334250955,1,1,1,0,1,1,1,0,0,0,Mutant,0,0,2,2
AMAN030994,AMHARA,1,1,0.365933286,1,1,1,0,1,1,1,0,0,0,Mutant,0,0,2,2
AMAN030941,AMHARA,0.35235732,0.909817999,0.555828453,1,0.742966142,0.67562847,0.026455026,1,0.945682451,1,0,0,0,Mutant,0,0,10,10
AMAN030942,AMHARA,0.255416192,0.955920484,0.737770095,1,0.773446546,0.709906635,0.0265625,1,0.935401343,NA,0,0,0,Mutant,0,0,9,9
AMAN030945,AMHARA,0.604458918,1,0.618304442,1,0.94128924,0.906246104,0,1,1,1,0,0,0,Mutant,0,0,7,7
TGYE3702,TIGRAY,0,1,0,1,0.762269659,0.725991711,0,1,1,1,0,0,0,Mutant,0,0,1,1
DILE6087,DIRE DAWA,1,1,1,1,1,1,0,1,1,1,0,0,0,Mutant,0,0,3,3
TGYE3694,TIGRAY,0,1,0,1,0.121907422,0.09970316,0,1,1,1,0,0,0,Mutant,0,0,2,2
AMAN030953,AMHARA,0.916994411,1,0.877627885,1,1,1,0,1,1,1,0,0,0,Mutant,0,0,2,2
TGYE3709,TIGRAY,0.067700987,1,0,1,1,1,0,1,1,1,0,0,0,Mutant,0,0,2,2
AMAN030976,AMHARA,0.978089254,1,0,1,1,0.970446735,0,1,1,1,0,0,0,Mutant,0,0,2,2
SNDI071900,S_ETHIOPIA,1,1,1,1,1,1,0,1,1,1,0,1,0,Wildtype,0,0,1,1
SEBI1578,S_ETHIOPIA,NA,1,1,1,1,0.975602877,0,1,1,1,0,0,0,Wildtype,0,0,1,1
SEBI1512,S_ETHIOPIA,1,1,1,1,1,1,0,1,1,1,0,0,0,Wildtype,0,0,1,1
SEBI1530,S_ETHIOPIA,0.042748092,1,0.979166667,1,0.975585938,0.897403286,0,1,0.083016257,1,0,0,0,Wildtype,0,0,2,2
SEBI1591,S_ETHIOPIA,1,1,0.708985248,1,1,1,0,1,1,1,0,0,0,Wildtype,0,0,2,2
SEBI1552,S_ETHIOPIA,1,1,1,1,1,1,0,1,1,1,0,0,0,Wildtype,0,0,2,2
AMAN030946,AMHARA,1,1,1,1,1,1,0,1,1,1,0,0,0,Wildtype,0,0,1,1
AMAN030948,AMHARA,1,1,1,1,1,1,0,1,1,1,0,0,0,Wildtype,0,0,1,1
AMAN030989,AMHARA,1,1,1,1,1,1,0,1,1,1,0,0,0,Wildtype,0,0,1,1
AMAN030992,AMHARA,1,1,1,1,1,1,0,1,1,1,0,0,0,Wildtype,0,0,1,1
AMAN030951,AMHARA,1,1,1,1,1,1,0,1,1,1,0,0,0,Wildtype,0,0,1,1
AMAN031010,AMHARA,1,1,0,1,1,1,0,1,1,1,0,0,0,Wildtype,0,0,1,1
AMAN031007,AMHARA,1,1,0,1,1,1,0,1,1,1,0,0,0,Wildtype,0,0,1,1
AMAN031014,AMHARA,1,1,0,1,1,1,0,1,1,1,0,0,0,Wildtype,0,0,1,1
SEBI1568,S_ETHIOPIA,1,1,1,1,1,1,0,1,1,1,0,0,0,Wildtype,0,0,2,2
SEBI1569,S_ETHIOPIA,0.970863684,0,1,1,1,0.939677068,0,1,0.965903037,1,0,0,0,Wildtype,0,0,1,1
SEBI1564,S_ETHIOPIA,1,1,1,1,1,1,0,1,1,1,0,0,0,Wildtype,0,0,1,1
SEBI1558,S_ETHIOPIA,1,1,0.97794833,1,1,1,0,1,1,1,0,1,0,Wildtype,0,0,2,2
SEBI1528,S_ETHIOPIA,0.379177378,0.960034538,0.855433576,1,0.849061887,0.751676273,0,1,0.955538809,1,0,0,0,Wildtype,0,0,10,10
AMJI031341,AMHARA,1,1,0,1,0,0,0,1,1,1,0,0,0,Wildtype,0,0,1,1
SEBI1554,S_ETHIOPIA,0.08068583,1,1,1,0.090147921,0.08873533,0,1,1,1,0,0,0,Wildtype,0,0,3,3
SEBI1502,S_ETHIOPIA,1,1,1,1,1,1,0,1,1,1,0,0,0,Wildtype,0,0,1,1
SEBI1503,S_ETHIOPIA,1,1,1,1,1,1,0,1,1,1,0,0,0,Wildtype,0,0,1,1
SEBI1504,S_ETHIOPIA,1,0,1,1,1,1,0,1,1,1,0,0,0,Wildtype,0,0,1,1
SEBI1506,S_ETHIOPIA,0.954270343,1,1,1,1,0.957574245,0,1,1,1,0,0,0,Wildtype,0,0,3,3
SEBI1507,S_ETHIOPIA,0.973368842,0.023239486,1,1,1,0.965409191,0,1,1,1,0,0,0,Wildtype,0,0,1,1
SEBI1509,S_ETHIOPIA,1,1,1,1,1,1,0,1,1,1,0,0,0,Wildtype,0,0,1,1
SEBI1510,S_ETHIOPIA,1,1,1,1,1,1,0,1,1,1,0,0,0,Wildtype,0,0,1,1
SEBI1513,S_ETHIOPIA,0.973512907,1,1,1,1,1,0,1,1,1,0,0,0,Wildtype,0,0,1,1
SEBI1514,S_ETHIOPIA,0.977701544,1,1,1,1,1,0,1,1,1,0,0,0,Wildtype,0,0,1,1
SEBI1515,S_ETHIOPIA,1,1,1,1,1,1,0,1,1,1,0,0,0,Wildtype,0,0,1,1
SEBI1516,S_ETHIOPIA,1,1,1,1,1,1,0,1,1,1,0,0.29302577,0,Wildtype,0,0,2,2
SEBI1534,S_ETHIOPIA,1,1,1,1,1,1,0,1,1,1,0,0,0,Wildtype,0,0,4,4
SEBI1539,S_ETHIOPIA,1,1,0,1,1,1,0,1,1,1,0,0,0,Wildtype,0,0,1,1
SEBI1583,S_ETHIOPIA,1,1,1,1,1,1,0,1,1,1,0,0,0,Wildtype,0,0,3,3
SEBI1586,S_ETHIOPIA,0,1,1,1,1,1,0,1,1,1,0,0,0,Wildtype,0,0,1,1
SEBI1588,S_ETHIOPIA,0.718213058,1,0.927487352,1,0.929306795,0.737389123,0.035574156,1,0.95979021,1,0,0,0,Wildtype,0,0,5,5
SEBI1590,S_ETHIOPIA,1,1,1,1,1,1,0,1,1,1,0,0,0,Wildtype,0,0,1,1
SEBI1592,S_ETHIOPIA,1,0,1,1,1,1,0,1,1,1,0,0,0,Wildtype,0,0,1,1
SEBI1547,S_ETHIOPIA,1,1,1,1,1,1,0,1,1,1,0,0,0,Wildtype,0,0,1,1
SEBI1559,S_ETHIOPIA,1,1,1,1,1,1,0,1,1,1,0,0.142663482,0,Wildtype,0,0,1,1
SEBI1566,S_ETHIOPIA,1,1,0.956531937,1,1,1,0,1,1,1,0,0,0,Wildtype,0,0,4,4
SEBI1587,S_ETHIOPIA,1,1,1,1,1,1,0,1,1,1,0,0,0,Wildtype,0,0,1,1
SEBI1589,S_ETHIOPIA,1,1,0,1,1,1,0,1,1,1,0,0,0,Wildtype,0,0,1,1
SEBI1549,S_ETHIOPIA,1,1,1,1,1,1,0,1,1,1,0,0,0,Wildtype,0,0,1,1
SEBI1560,S_ETHIOPIA,1,1,1,1,1,1,0,1,1,1,0,0,0,Wildtype,0,0,1,1
SILR5517,SIDAMA,1,1,1,1,1,1,0,1,1,1,0,0,0,Wildtype,0,0,1,1
SILR5511,SIDAMA,1,1,1,1,1,1,0,1,1,1,0,0,0,Wildtype,0,0,1,1
SILR5519,SIDAMA,1,1,1,1,1,1,0,1,1,1,0,0,0,Wildtype,0,0,3,2
AMAN030966,AMHARA,0,1,0,1,1,1,1,1,1,1,0,0,0,Wildtype,0,0,1,1
AMAN030971,AMHARA,0.841992501,0.978668204,0.027169213,1,1,0.85669587,0,1,1,1,0,0,0,Wildtype,0,0,2,2
AMAN030980,AMHARA,1,1,0,1,1,1,0,1,1,1,0,0,0,Wildtype,0,0,1,1
AMAN031004,AMHARA,1,1,0,1,1,1,0,1,1,1,0,0,0,Wildtype,0,0,1,1
AMAN031017,AMHARA,0.96621228,1,1,1,1,0.966147544,0.976850177,1,1,1,0,0,0,Wildtype,0,0,1,1
AMAN031019,AMHARA,1,1,1,1,1,0.947162965,1,1,1,1,0,0,0,Wildtype,0,0,1,1
AMAN031008,AMHARA,1,1,0,1,1,1,0,1,1,1,0,0,0,Wildtype,0,0,1,1
AMAN030978,AMHARA,1,1,0,1,1,1,0,1,1,1,0,0,0,Wildtype,0,0,1,1
AMAN030986,AMHARA,1,1,1,1,1,1,0,1,1,1,0,0,0,Wildtype,0,0,1,1
AMAN030987,AMHARA,1,1,1,1,1,1,0,1,1,1,0,0,0,Wildtype,0,0,1,1
AMAN030947,AMHARA,1,1,1,1,1,0.978225806,0,1,1,1,0,0,0,Wildtype,0,0,1,1
AMAN030949,AMHARA,1,1,1,1,1,1,0,1,1,1,0,0,0,Wildtype,0,0,1,1
AMAN030993,AMHARA,1,1,1,1,1,1,0,1,1,1,0,0,0,Wildtype,0,0,1,1
AMAN030979,AMHARA,1,1,0,1,1,1,NA,NA,1,NA,0,0,0,Wildtype,0,0,1,1
AMAN030977,AMHARA,1,1,0.973285818,1,1,1,0,1,1,1,0,0,0,Wildtype,0,0,1,1
AMAN030944,AMHARA,1,1,1,1,1,1,0,1,1,1,0,0,0,Wildtype,0,0,1,1
AMAN030952,AMHARA,1,1,1,1,1,1,0,1,1,1,0,0,0,Wildtype,0,0,1,1
AMAN030973,AMHARA,1,1,0,1,1,1,0,1,1,1,0,0,0,Wildtype,0,0,1,1
AMAN031012,AMHARA,1,1,0,1,1,1,0,1,1,1,0,0,0,Wildtype,0,0,1,1
AMAN031013,AMHARA,1,1,0,1,1,1,0,1,1,1,0,0,0,Wildtype,0,0,1,1
AMAN031018,AMHARA,0.895238095,0.959214502,0.959214502,1,0.965255448,1,0.938937351,1,1,1,0,0,0,Wildtype,0,0,1,1
AMJI031343,AMHARA,0.034090909,1,0,1,1,1,0,1,0.026711698,1,0.471264368,0,0,Wildtype,0,0,3,3
AMJI031333,AMHARA,1,1,1,1,1,0.967564259,0,1,1,1,0.936933107,0,0,Wildtype,0,0,1,1
AMJI031339,AMHARA,1,1,0.646886252,1,1,1,0,1,1,1,0.3104,0,0,Wildtype,0,0,2,2
SEBI1508,S_ETHIOPIA,1,0,1,1,1,1,0,1,1,1,0,0,0,Wildtype,0,0,1,1
SEBI1518,S_ETHIOPIA,1,1,1,1,1,1,0,1,1,1,0,0,0,Wildtype,0,0,1,1
SEBI1520,S_ETHIOPIA,1,0.155698637,1,1,1,1,0,1,1,1,0,0.152322614,0,Wildtype,0,0,2,2
SEBI1524,S_ETHIOPIA,1,1,1,1,1,1,0,1,1,1,0,1,0,Wildtype,0,0,1,1
SEBI1525,S_ETHIOPIA,1,0,1,1,1,1,0,1,1,1,0,0,0,Wildtype,0,0,1,1
SEBI1526,S_ETHIOPIA,1,0.857413728,1,1,1,1,0,1,1,1,0,0.142681048,0,Wildtype,0,0,3,3
SEBI1536,S_ETHIOPIA,0.045375218,1,0.031892892,1,1,0.976627713,0,1,1,1,0,0,0,Wildtype,0,0,1,1
SEBI1537,S_ETHIOPIA,1,1,1,1,1,1,0,1,1,1,0,0,0,Wildtype,0,0,2,2
SEBI1538,S_ETHIOPIA,1,1,1,1,1,1,0,1,1,1,0,0,0,Wildtype,0,0,1,1
SEBI1577,S_ETHIOPIA,1,1,1,1,1,1,0,1,1,1,0,0,0,Wildtype,0,0,1,1
SEBI1529,S_ETHIOPIA,1,1,1,1,1,1,0,1,1,1,0,0,0,Wildtype,0,0,1,1
SEBI1533,S_ETHIOPIA,1,1,1,1,1,1,0,1,1,1,0,0,0,Wildtype,0,0,2,2
SEBI1535,S_ETHIOPIA,1,1,1,1,1,1,0,1,1,1,0,0,0,Wildtype,0,0,1,1
SEBI1501,S_ETHIOPIA,1,1,1,1,1,1,0,1,1,1,0,0,0,Wildtype,0,0,1,1
SEBI1523,S_ETHIOPIA,1,0.873395804,1,1,1,1,0,1,1,1,0,0.193889542,0,Wildtype,0,0,5,5
SILR5510,SIDAMA,1,1,1,1,1,1,0,1,1,1,0,0,0,Wildtype,0,0,1,1
SILR5518,SIDAMA,1,1,1,1,1,1,0,1,1,1,0,0,0,Wildtype,0,0,1,1
SILR5513,SIDAMA,0.924160347,1,0.97139065,1,1,0.946307715,0,1,1,1,0,0,0,Wildtype,0,0,1,1
SILR5507,SIDAMA,1,1,1,1,1,1,0,1,1,1,0,0,0,Wildtype,0,0,2,2
SILR5514,SIDAMA,1,1,1,1,1,1,0,1,1,1,0,0,0,Wildtype,0,0,1,1
SILR5520,SIDAMA,1,1,1,1,1,1,0,1,1,1,0,0,0,Wildtype,0,0,1,1
SILR5505,SIDAMA,1,1,1,1,1,1,0,1,1,1,0,0,0,Wildtype,0,0,1,1
SILR5516,SIDAMA,1,1,1,1,1,1,0,1,1,1,0,0,0,Wildtype,0,0,1,1
SILR5521,SIDAMA,1,1,1,1,1,1,0,1,1,1,0,0,0,Wildtype,0,0,1,1
SEBI1541,S_ETHIOPIA,1,1,1,1,1,1,0,1,1,1,0,0,0,Wildtype,0,0,1,1
SEBI1540,S_ETHIOPIA,1,1,1,1,1,1,0,1,1,1,0,0,0,Wildtype,0,0,1,1
SNDI071905,S_ETHIOPIA,1,1,1,1,1,1,0,1,1,1,0,0,0,Wildtype,0,0,1,1
SNDI071892,S_ETHIOPIA,1,1,1,1,1,1,0,1,1,1,0,1,0,Wildtype,0,0,1,1
SILR5501,SIDAMA,1,1,1,1,1,1,0,1,1,1,0,0,1,Wildtype,0,0,1,1
AFWO3432,AFAR,1,1,0,1,1,1,0,1,1,1,0,0,0,Wildtype,0,0,1,1
AMAN030983,AMHARA,1,1,0.039554088,1,1,1,0,1,1,1,0,0,0,Wildtype,0,0,1,1
SNDI071906,S_ETHIOPIA,1,1,1,1,1,1,0,1,1,1,0,0,0,Wildtype,0,0,2,2
DILE6083,DIRE DAWA,1,1,1,1,1,1,0,1,1,1,0,0,0,Wildtype,0,0,1,1
SEBI1545,S_ETHIOPIA,1,1,1,1,1,1,0,1,1,1,0,0,0,Wildtype,0,0,1,1
SEBI1555,S_ETHIOPIA,0.919184821,1,1,1,1,1,0,1,1,1,0,1,0,Wildtype,0,0,1,1
SEBI1563,S_ETHIOPIA,1,1,0.901398049,NA,NA,1,NA,NA,1,NA,NA,NA,0,Wildtype,NA,NA,3,3
SEBI1584,S_ETHIOPIA,1,1,0.331037827,1,1,1,0,1,1,1,0,0,0,Wildtype,0,0,3,3
SEBI1527,S_ETHIOPIA,1,1,1,1,1,1,0,1,1,1,0,0,0,Wildtype,0,0,1,1
SEBI1548,S_ETHIOPIA,1,1,1,1,1,1,0,1,1,1,0,0,0,Wildtype,0,0,1,1
SEBI1531,S_ETHIOPIA,1,1,1,1,1,1,0,1,1,1,0,0,0,Wildtype,0,0,1,1
TGYE3690,TIGRAY,0,1,1,1,1,1,0,1,1,1,0,0,0,Wildtype,0,0,1,1
TGYE3706,TIGRAY,0,1,0,1,1,1,0,1,1,1,0,0,0,Wildtype,0,0,1,1
AFWO3433,AFAR,1,1,0,1,1,1,0,1,1,1,0,0,0,Wildtype,0,0,1,1
AFWO3434,AFAR,1,1,1,1,1,1,0,1,1,1,0,0,0,Wildtype,0,0,1,1
AFWO3435,AFAR,0,1,0,1,1,1,0,1,0,1,0,0,0,Wildtype,0,0,1,1
AFWO3426,AFAR,1,1,1,1,1,1,0,1,1,1,0,0,0,Wildtype,0,0,1,1
AFWO3427,AFAR,1,1,0,1,1,1,0,1,1,1,0,0,0,Wildtype,0,0,1,1
AFWO3428,AFAR,1,1,0,1,1,1,0,1,1,1,0,0,0,Wildtype,0,0,1,1
AFWO3429,AFAR,1,1,0,1,1,1,0,1,1,1,0,0,0,Wildtype,0,0,1,1
AFWO3430,AFAR,1,1,0,1,1,1,0,1,1,1,0,0,0,Wildtype,0,0,1,1
AFWO3431,AFAR,1,1,1,1,1,1,0,1,1,1,0,0,0,Wildtype,0,0,1,1
AFWO3436,AFAR,1,1,1,1,1,1,0,1,1,1,0,0,0,Wildtype,0,0,1,1
AFWO3438,AFAR,1,1,0,1,1,1,0,1,1,1,0,0,0,Wildtype,0,0,1,1
AMAN030933,AMHARA,1,1,0,1,1,1,0,1,1,1,0,0,0,Wildtype,0,0,2,2
AMAN030950,AMHARA,1,1,1,1,1,1,0,1,1,1,0,0,0,Wildtype,0,0,1,1
AMAN030975,AMHARA,1,1,0,1,1,1,0,1,1,1,0,0,0,Wildtype,0,0,1,1
AMAN030985,AMHARA,1,1,0.977580317,1,1,1,0,1,1,1,0,0,0,Wildtype,0,0,1,1
AMAN031011,AMHARA,1,1,0,1,1,1,0,1,1,1,0,0,0,Wildtype,0,0,1,1
AMAN031020,AMHARA,1,1,1,1,1,1,1,1,1,1,0,0,0,Wildtype,0,0,1,1
AMAN031005,AMHARA,1,1,0,1,1,1,0,1,1,1,0,0,0,Wildtype,0,0,1,1
AMAN030984,AMHARA,1,1,1,1,1,1,0,1,1,1,0,0,0,Wildtype,0,0,1,1
AMAN030991,AMHARA,1,1,1,1,1,1,0,1,1,1,0,0,0,Wildtype,0,0,1,1
AMAN031016,AMHARA,1,1,0,1,1,1,0,1,1,1,0,0,0,Wildtype,0,0,1,1
AMAN030932,AMHARA,0.83982684,1,0.969744318,1,1,0.933633296,0,1,1,1,0,0,0,Wildtype,0,0,2,2
AMAN030943,AMHARA,0.94807822,1,1,1,1,0.971006122,0,1,1,1,0,0,0,Wildtype,0,0,1,1
AMAN030988,AMHARA,1,1,1,1,1,1,0,1,1,1,0,0,0,Wildtype,0,0,1,1
AMAN030990,AMHARA,1,1,1,1,1,1,0,1,1,1,0,0,0,Wildtype,0,0,1,1
AMAN031015,AMHARA,1,1,0,1,1,1,0,1,1,1,0,0,0,Wildtype,0,0,1,1
SNDI071887,S_ETHIOPIA,1,1,0,1,1,1,1,1,1,1,0,0,0,Wildtype,0,0,1,1
SNDI071888,S_ETHIOPIA,0.940994854,1,1,1,1,0.976753712,0,1,1,1,0,0.964055794,0,Wildtype,0,0,1,1
SNDI071889,S_ETHIOPIA,0.96437659,1,1,1,1,1,0,1,1,1,0,1,0,Wildtype,0,0,1,1
SNDI071891,S_ETHIOPIA,1,1,1,1,1,1,0,1,1,1,0,1,0,Wildtype,0,0,1,1
SNDI071893,S_ETHIOPIA,1,1,1,1,1,1,0,1,1,1,0,0,0,Wildtype,0,0,3,2
SNDI071894,S_ETHIOPIA,1,1,0,1,1,1,0,1,1,1,0,0,0,Wildtype,0,0,3,3
SNDI071895,S_ETHIOPIA,1,1,1,1,1,1,0,1,1,1,0,1,0,Wildtype,0,0,1,1
SNDI071896,S_ETHIOPIA,1,1,1,1,1,1,0,1,1,1,0,0,0,Wildtype,0,0,1,1
SNDI071898,S_ETHIOPIA,1,1,1,1,1,1,0,1,1,1,0,0,0,Wildtype,0,0,1,1
SNDI071899,S_ETHIOPIA,1,1,1,1,1,1,0,1,1,1,0,0,0,Wildtype,0,0,1,1
SNDI071901,S_ETHIOPIA,1,0.964823298,0,1,1,0.933291835,0,1,1,1,0,1,0,Wildtype,0,0,2,2
SNDI071902,S_ETHIOPIA,1,1,1,1,1,1,0,1,1,1,0,0,0,Wildtype,0,0,1,1
SNDI071903,S_ETHIOPIA,1,1,0,1,1,1,0,1,1,1,0,0,0,Wildtype,0,0,2,2
SNDI071907,S_ETHIOPIA,1,1,1,1,1,1,0,1,1,1,0,0,0,Wildtype,0,0,1,1
SNDI071908,S_ETHIOPIA,1,1,1,1,1,0.903639837,0,1,1,1,0,0.952584078,0,Wildtype,0,0,1,1
SNDI071909,S_ETHIOPIA,1,1,1,1,1,1,0,1,1,1,0,1,0,Wildtype,0,0,2,2
SNDI071910,S_ETHIOPIA,1,1,1,1,1,1,0,1,1,1,0,0,0,Wildtype,0,0,1,1
DILE6074,DIRE DAWA,0.976040978,1,0,1,1,1,0,1,1,1,0,0,0,Wildtype,0,0,1,1
DILE6076,DIRE DAWA,1,1,1,1,1,1,0,1,1,1,0,0,0,Wildtype,0,0,1,1
DILE6076,DIRE DAWA,1,1,1,1,1,1,0,1,1,1,0,0,0,Wildtype,0,0,1,1
DILE6080,DIRE DAWA,0,0,0,NA,NA,1,NA,1,0.958917589,NA,NA,NA,0,Wildtype,NA,NA,1,1
DILE6081,DIRE DAWA,0,1,1,1,1,1,0,1,0,1,0,0,0,Wildtype,0,0,1,1
DILE6082,DIRE DAWA,0,1,1,1,1,1,0,1,0,1,0,0,0,Wildtype,0,0,1,1
DILE6084,DIRE DAWA,1,1,1,1,1,1,0,1,1,1,0,0,0,Wildtype,0,0,1,1
DILE6085,DIRE DAWA,0.04978355,0.336134454,0.336134454,0.288598694,1,1,0,1,1,1,0,0,0,Wildtype,0,0,2,2
DILE6090,DIRE DAWA,0,1,0.845404019,1,0.835144928,0.854715454,0,1,1,1,0,0,0,Wildtype,0,0,2,2
DILE6091,DIRE DAWA,1,1,1,1,1,1,0,1,1,1,0,0,0,Wildtype,0,0,1,1
DILE6093,DIRE DAWA,0,1,0,1,1,0.974561513,0,1,0.022522523,1,0,0,0,Wildtype,0,0,1,1
DILE6094,DIRE DAWA,0,1,0,1,1,1,0,1,0,1,0,0,0,Wildtype,0,0,1,1
DILE6095,DIRE DAWA,1,1,0.672715054,1,1,1,0,1,1,1,0,0,0,Wildtype,0,0,2,2
DILE6071,DIRE DAWA,1,1,1,1,1,1,0,1,1,1,0,0,0,Wildtype,0,0,1,1
DILE6072,DIRE DAWA,1,1,1,1,1,1,0,1,1,1,0,0,0,Wildtype,0,0,1,1
AMJI031344,AMHARA,0,1,0,1,1,1,0,1,1,1,0,0,0,Wildtype,0,0,1,1
AMJI031342,AMHARA,1,1,1,1,1,1,0,1,1,1,0,0,0,Wildtype,0,0,1,1
AMJI031334,AMHARA,0,1,0,1,1,1,0,1,0.9318542,1,0,0,0,Wildtype,0,0,1,1
AMJI031336,AMHARA,0.968259759,1,0.067123742,1,0.025623583,0,0.027945073,1,1,1,0,0,0,Wildtype,0,0,2,2
AMJI031337,AMHARA,1,1,1,1,1,1,0,1,1,1,0,0,0,Wildtype,0,0,1,1
AMJI031338,AMHARA,0,1,0,1,1,1,0,1,0,1,0,0,0,Wildtype,0,0,1,1
AMJI031340,AMHARA,0,1,0,1,1,1,0,1,0,1,0,0,0,Wildtype,0,0,2,2
AMHA1702,AMHARA,1,1,0,1,1,1,0,1,1,1,0,0,0,Wildtype,0,0,1,1
AMHA1703,AMHARA,0,1,0,1,0,0,0,1,1,1,0,0,0,Wildtype,0,0,1,1
AMHA1706,AMHARA,1,1,0,1,0,0,0,1,1,1,0,0,0,Wildtype,0,0,1,1
AMHA1707,AMHARA,0,1,1,1,1,1,0,1,1,1,0,0,0,Wildtype,0,0,1,1
AMHA4853,AMHARA,1,1,0,1,0,0,0,1,1,1,0,0,0,Wildtype,0,0,1,1
AMHA4857,AMHARA,1,1,0,1,1,1,0,1,1,1,0,0,0,Wildtype,0,0,1,1
SEBI1550,S_ETHIOPIA,1,1,0,1,1,1,0,1,1,1,0,0,0,Wildtype,0,0,1,1
SEBI1551,S_ETHIOPIA,1,1,1,1,1,1,0,1,0,1,0,0,0,Wildtype,0,0,1,1
SEBI1557,S_ETHIOPIA,1,1,1,1,0,1,0,1,1,1,0,0,0,Wildtype,0,0,1,1
SEBI1565,S_ETHIOPIA,1,1,1,1,1,1,0,1,1,1,0,0,0,Wildtype,0,0,1,1
SEBI1571,S_ETHIOPIA,NA,1,0.870327015,1,1,1,0,1,1,1,0,0,0,Wildtype,0,0,4,3
SEBI1573,S_ETHIOPIA,0.82122905,1,0.957921087,1,1,0.973100691,0,1,0.911764706,1,0,0,0,Wildtype,0,0,8,9
SEBI1574,S_ETHIOPIA,1,1,1,1,1,1,0,1,1,1,0,0,0,Wildtype,0,0,2,2
SEBI1575,S_ETHIOPIA,1,1,1,1,1,1,0,1,1,1,0,0,0,Wildtype,0,0,1,1
SEBI1579,S_ETHIOPIA,1,0.790765634,0.209234366,1,1,1,0,1,1,1,0,0,0,Wildtype,0,0,2,2
SEBI1581,S_ETHIOPIA,1,1,1,1,1,1,0,1,1,1,0,0,0,Wildtype,0,0,1,1
SEBI1582,S_ETHIOPIA,1,1,1,1,1,1,0,1,1,1,0,0,0,Wildtype,0,0,1,1
SEBI1521,S_ETHIOPIA,1,1,1,1,1,1,0,1,1,1,0,0,0,Wildtype,0,0,1,1
SEBI1532,S_ETHIOPIA,1,1,1,1,1,1,0,1,1,1,0,0,0,Wildtype,0,0,1,1
SEBI1546,S_ETHIOPIA,1,1,1,1,1,1,0,1,1,1,0,0,0,Wildtype,0,0,1,1
SEBI1572,S_ETHIOPIA,1,1,1,1,1,1,0,1,1,1,0,0,0,Wildtype,0,0,1,1
SEBI1585,S_ETHIOPIA,1,1,0,1,1,1,0,1,1,1,0,0,0,Wildtype,0,0,1,1
SEBI1561,S_ETHIOPIA,0.954643629,0.069337742,0.977146747,1,1,1,0,1,1,1,0,0,0,Wildtype,0,0,1,1
SEBI1511,S_ETHIOPIA,1,1,1,1,1,1,0,1,1,1,0,0,0,Wildtype,0,0,3,3
SEBI1553,S_ETHIOPIA,1,1,1,1,1,1,0,1,1,1,0,0,0,Wildtype,0,0,1,1
SEBI1543,S_ETHIOPIA,1,1,0,1,1,1,0,1,1,1,0,0,0,Wildtype,0,0,1,1
SEBI1556,S_ETHIOPIA,0,1,0.806605575,1,0.213562307,0.212194056,0,1,1,1,0,0,0,Wildtype,0,0,2,2
SEBI1580,S_ETHIOPIA,1,1,1,1,1,1,0,1,1,1,0,0,0,Wildtype,0,0,1,1
SILR5500,SIDAMA,1,1,1,1,1,1,0,1,1,1,0,0,1,Wildtype,0,0,1,1
SILR5504,SIDAMA,1,1,1,1,1,1,0,1,1,1,0,0,0,Wildtype,0,0,1,1
SILR5502,SIDAMA,1,1,1,1,1,1,0,1,1,1,0,0,1,Wildtype,0,0,1,1
SILR5503,SIDAMA,1,1,1,1,1,1,0,1,1,1,0,0,1,Wildtype,0,0,1,1
AMWO031586,AMHARA,0,1,1,1,1,1,0,1,1,1,0,0,0,Wildtype,0,0,1,1
AMWO031585,AMHARA,0,1,1,1,1,1,0,1,1,1,0,0,0,Wildtype,0,0,1,1
AMWO031587,AMHARA,0,1,1,1,1,1,0,1,0.978793419,1,0,0,0,Wildtype,0,0,1,1
TGYE3705,TIGRAY,0,1,0,1,1,1,0,1,1,1,0,0,0,Wildtype,0,0,1,1
TGYE3707,TIGRAY,0,1,0,1,1,1,0,1,1,1,0,0,0,Wildtype,0,0,1,1
GAAB2301,GAMBELA,0.092898833,1,1,1,0,0.580764249,0,1,1,1,0,0,0,Wildtype,0,0.095361611,2,2
GAAB2303,GAMBELA,0,0,0,0,0,0,0,1,1,1,0,0,0,Wildtype,0,0,1,1
GAAB2304,GAMBELA,0,1,0,1,0,0,0,1,1,1,0,0,0,Wildtype,0,0,1,1
GAAB2305,GAMBELA,0.079809976,1,0.962518264,1,1,0.845304602,0,1,1,1,0,0,0,Wildtype,0,0,2,2
GAAB2306,GAMBELA,0,1,1,1,0,0,0,1,1,1,0,0,0,Wildtype,0,0.032375741,1,1
GAAB2307,GAMBELA,0,1,0,1,1,1,0,1,1,1,0,0,0,Wildtype,0,0,1,1
GAAB2308,GAMBELA,0,0.978471801,0.978471801,0.974054054,0.123678059,0.032834268,0.137952822,1,0.086475707,1,0.737492593,0,0,Wildtype,0,0,1,1
GAAB2309,GAMBELA,0,1,0,1,1,1,0,1,1,1,0,0,0,Wildtype,0,0,1,1
GAAB2312,GAMBELA,0.0430839,1,0.057846607,1,0.867410568,0.944026506,0.025383142,1,1,1,0,0,0,Wildtype,0,0,8,7
AMAN031009,AMHARA,1,1,0,1,1,1,0,1,1,1,0,0,0,Wildtype,0,0,1,1
SEBI1542,S_ETHIOPIA,1,0,1,1,1,1,0,1,1,1,0,0,0,Wildtype,0,0,1,1