Sample_ID,Pfhrp2_call,Pfhrp3_call,Genotype
SEBI1501,hrp2+,hrp3+,pfhrp2+/3+
SEBI1509,hrp2+,hrp3-,pfhrp2+/3-
SEBI1517,hrp2+,hrp3+,pfhrp2+/3+
SEBI1525,hrp2+,hrp3+,pfhrp2+/3+
SEBI1533,hrp2+,hrp3+,pfhrp2+/3+
SEBI1541,hrp2-,hrp3-,pfhrp2-/3-
SEBI1549,hrp2+,hrp3+,pfhrp2+/3+
SEBI1557,hrp2+,hrp3+,pfhrp2+/3+
SEBI1565,hrp2+,hrp3+,pfhrp2+/3+
SEBI1573,hrp2+,hrp3+,pfhrp2+/3+
SEBI1581,hrp2+,hrp3+,pfhrp2+/3+
SEBI1589,hrp2+,hrp3+,pfhrp2+/3+
SEBI1502,hrp2+,hrp3+,pfhrp2+/3+
SEBI1510,hrp2+,hrp3+,pfhrp2+/3+
SEBI1518,hrp2+,hrp3+,pfhrp2+/3+
SEBI1526,hrp2+,hrp3+,pfhrp2+/3+
SEBI1534,hrp2+,hrp3+,pfhrp2+/3+
SEBI1542,hrp2+,hrp3+,pfhrp2+/3+
SEBI1550,hrp2+,hrp3+,pfhrp2+/3+
SEBI1558,hrp2-,hrp3-,pfhrp2-/3-
SEBI1566,hrp2+,hrp3+,pfhrp2+/3+
SEBI1574,hrp2+,hrp3+,pfhrp2+/3+
SEBI1582,hrp2+,hrp3+,pfhrp2+/3+
SEBI1590,hrp2+,hrp3+,pfhrp2+/3+
SEBI1503,hrp2+,hrp3+,pfhrp2+/3+
SEBI1511,hrp2+,hrp3+,pfhrp2+/3+
SEBI1519,hrp2+,NA,NA
SEBI1527,hrp2-,hrp3-,pfhrp2-/3-
SEBI1535,hrp2+,NA,NA
SEBI1543,hrp2+,hrp3+,pfhrp2+/3+
SEBI1551,hrp2+,hrp3+,pfhrp2+/3+
SEBI1559,hrp2+,hrp3+,pfhrp2+/3+
SEBI1567,hrp2+,hrp3+,pfhrp2+/3+
SEBI1575,hrp2+,hrp3-,pfhrp2+/3-
SEBI1583,hrp2+,hrp3+,pfhrp2+/3+
SEBI1591,hrp2+,hrp3+,pfhrp2+/3+
SEBI1504,hrp2+,hrp3-,pfhrp2+/3-
SEBI1512,hrp2+,hrp3-,pfhrp2+/3-
SEBI1520,hrp2+,hrp3+,pfhrp2+/3+
SEBI1528,hrp2+,hrp3+,pfhrp2+/3+
SEBI1536,hrp2+,hrp3+,pfhrp2+/3+
SEBI1544,hrp2-,NA,NA
SEBI1552,NA,hrp3+,NA
SEBI1560,NA,hrp3+,NA
SEBI1568,hrp2+,hrp3+,pfhrp2+/3+
SEBI1576,hrp2+,NA,NA
SEBI1584,hrp2+,hrp3+,pfhrp2+/3+
SEBI1592,hrp2+,hrp3-,pfhrp2+/3-
SEBI1505,hrp2+,hrp3-,pfhrp2+/3-
SEBI1513,hrp2+,NA,NA
SEBI1521,hrp2+,hrp3+,pfhrp2+/3+
SEBI1529,hrp2+,hrp3-,pfhrp2+/3-
SEBI1537,hrp2+,hrp3+,pfhrp2+/3+
SEBI1545,hrp2+,hrp3+,pfhrp2+/3+
SEBI1553,hrp2+,hrp3+,pfhrp2+/3+
SEBI1561,hrp2-,hrp3-,pfhrp2-/3-
SEBI1569,hrp2+,hrp3+,pfhrp2+/3+
SEBI1577,hrp2+,hrp3+,pfhrp2+/3+
SEBI1585,hrp2+,hrp3+,pfhrp2+/3+
SEBI1506,hrp2+,hrp3+,pfhrp2+/3+
SEBI1514,hrp2+,hrp3+,pfhrp2+/3+
SEBI1522,hrp2+,hrp3+,pfhrp2+/3+
SEBI1530,hrp2+,hrp3+,pfhrp2+/3+
SEBI1538,hrp2+,hrp3+,pfhrp2+/3+
SEBI1546,hrp2+,NA,NA
SEBI1554,hrp2+,hrp3+,pfhrp2+/3+
SEBI1562,hrp2+,hrp3+,pfhrp2+/3+
SEBI1570,hrp2+,NA,NA
SEBI1578,hrp2+,NA,NA
SEBI1586,hrp2-,NA,NA
SEBI1507,hrp2+,hrp3+,pfhrp2+/3+
SEBI1515,hrp2+,hrp3+,pfhrp2+/3+
SEBI1523,hrp2+,hrp3+,pfhrp2+/3+
SEBI1531,hrp2+,hrp3-,pfhrp2+/3-
SEBI1539,hrp2+,hrp3+,pfhrp2+/3+
SEBI1547,hrp2+,hrp3+,pfhrp2+/3+
SEBI1555,hrp2-,hrp3-,pfhrp2-/3-
SEBI1563,NA,NA,NA
SEBI1571,hrp2+,hrp3+,pfhrp2+/3+
SEBI1579,hrp2+,hrp3+,pfhrp2+/3+
SEBI1587,hrp2+,NA,NA
SEBI1508,hrp2+,NA,NA
SEBI1516,hrp2+,hrp3+,pfhrp2+/3+
SEBI1524,hrp2+,hrp3+,pfhrp2+/3+
SEBI1532,hrp2+,hrp3-,pfhrp2+/3-
SEBI1540,hrp2-,hrp3-,pfhrp2-/3-
SEBI1548,hrp2+,hrp3-,pfhrp2+/3-
SEBI1556,hrp2+,hrp3+,pfhrp2+/3+
SEBI1564,hrp2+,hrp3-,pfhrp2+/3-
SEBI1572,hrp2+,hrp3-,pfhrp2+/3-
SEBI1580,hrp2+,hrp3+,pfhrp2+/3+
SEBI1588,hrp2+,hrp3+,pfhrp2+/3+
AMAN030929,hrp2+,NA,NA
AMAN030937,hrp2+,NA,NA
AMAN030945,hrp2+,hrp3-,pfhrp2+/3-
AMAN030953,hrp2+,hrp3-,pfhrp2+/3-
AMAN030961,hrp2+,hrp3-,pfhrp2+/3-
AMAN030969,NA,hrp3-,NA
AMAN030977,NA,hrp3-,NA
AMAN030985,NA,hrp3-,NA
AMAN030993,NA,hrp3-,NA
AMAN031001,hrp2-,hrp3-,pfhrp2-/3-
AMAN031009,hrp2-,hrp3-,pfhrp2-/3-
AMAN031017,hrp2+,hrp3+,pfhrp2+/3+
AMAN030930,hrp2+,hrp3-,pfhrp2+/3-
AMAN030938,hrp2+,hrp3+,pfhrp2+/3+
AMAN030946,hrp2-,hrp3-,pfhrp2-/3-
AMAN030954,hrp2+,hrp3-,pfhrp2+/3-
AMAN030962,hrp2+,hrp3-,pfhrp2+/3-
AMAN030970,hrp2-,hrp3-,pfhrp2-/3-
AMAN030978,hrp2+,hrp3-,pfhrp2+/3-
AMAN030986,hrp2-,hrp3-,pfhrp2-/3-
AMAN030994,hrp2-,hrp3-,pfhrp2-/3-
AMAN031002,hrp2-,hrp3-,pfhrp2-/3-
AMAN031010,hrp2-,hrp3-,pfhrp2-/3-
AMAN031018,NA,NA,NA
AMAN030931,hrp2+,NA,NA
AMAN030939,hrp2+,hrp3+,pfhrp2+/3+
AMAN030947,NA,hrp3-,NA
AMAN030955,hrp2+,hrp3-,pfhrp2+/3-
AMAN030963,hrp2-,hrp3-,pfhrp2-/3-
AMAN030971,hrp2+,hrp3-,pfhrp2+/3-
AMAN030979,hrp2+,hrp3-,pfhrp2+/3-
AMAN030987,NA,hrp3-,NA
AMAN030995,hrp2-,hrp3-,pfhrp2-/3-
AMAN031003,hrp2-,hrp3-,pfhrp2-/3-
AMAN031011,hrp2-,hrp3-,pfhrp2-/3-
AMAN031019,hrp2+,hrp3+,pfhrp2+/3+
AMAN030932,NA,hrp3+,NA
AMAN030940,hrp2+,hrp3+,pfhrp2+/3+
AMAN030948,hrp2+,hrp3-,pfhrp2+/3-
AMAN030956,hrp2+,hrp3-,pfhrp2+/3-
AMAN030964,NA,hrp3-,NA
AMAN030972,hrp2+,hrp3-,pfhrp2+/3-
AMAN030980,hrp2+,hrp3-,pfhrp2+/3-
AMAN030988,hrp2-,hrp3-,pfhrp2-/3-
AMAN030996,hrp2-,hrp3-,pfhrp2-/3-
AMAN031004,hrp2-,hrp3-,pfhrp2-/3-
AMAN031012,hrp2-,hrp3-,pfhrp2-/3-
AMAN031020,hrp2+,hrp3+,pfhrp2+/3+
AMAN030933,hrp2+,hrp3-,pfhrp2+/3-
AMAN030941,hrp2+,hrp3+,pfhrp2+/3+
AMAN030949,hrp2+,hrp3-,pfhrp2+/3-
AMAN030957,hrp2+,hrp3-,pfhrp2+/3-
AMAN030965,hrp2-,hrp3-,pfhrp2-/3-
AMAN030973,hrp2+,hrp3-,pfhrp2+/3-
AMAN030981,hrp2+,hrp3-,pfhrp2+/3-
AMAN030989,hrp2-,hrp3-,pfhrp2-/3-
AMAN030997,hrp2-,hrp3-,pfhrp2-/3-
AMAN031005,hrp2-,hrp3-,pfhrp2-/3-
AMAN031013,hrp2-,NA,NA
AMAN030934,hrp2-,hrp3-,pfhrp2-/3-
AMAN030942,hrp2+,hrp3+,pfhrp2+/3+
AMAN030950,hrp2+,hrp3-,pfhrp2+/3-
AMAN030958,hrp2+,hrp3-,pfhrp2+/3-
AMAN030966,hrp2+,hrp3+,pfhrp2+/3+
AMAN030974,hrp2+,hrp3-,pfhrp2+/3-
AMAN030982,hrp2+,hrp3-,pfhrp2+/3-
AMAN030990,hrp2-,hrp3-,pfhrp2-/3-
AMAN030998,hrp2-,hrp3-,pfhrp2-/3-
AMAN031006,hrp2-,hrp3-,pfhrp2-/3-
AMAN031014,hrp2-,hrp3-,pfhrp2-/3-
AMAN030935,hrp2+,hrp3+,pfhrp2+/3+
AMAN030943,hrp2-,hrp3-,pfhrp2-/3-
AMAN030951,hrp2+,hrp3-,pfhrp2+/3-
AMAN030959,hrp2+,hrp3-,pfhrp2+/3-
AMAN030967,hrp2-,hrp3-,pfhrp2-/3-
AMAN030975,hrp2+,hrp3-,pfhrp2+/3-
AMAN030983,hrp2+,hrp3-,pfhrp2+/3-
AMAN030991,hrp2-,hrp3-,pfhrp2-/3-
AMAN030999,hrp2-,hrp3-,pfhrp2-/3-
AMAN031007,hrp2-,hrp3-,pfhrp2-/3-
AMAN031015,hrp2-,hrp3-,pfhrp2-/3-
AMAN030936,hrp2+,NA,NA
AMAN030944,hrp2-,hrp3-,pfhrp2-/3-
AMAN030952,hrp2+,hrp3-,pfhrp2+/3-
AMAN030960,hrp2+,hrp3-,pfhrp2+/3-
AMAN030968,hrp2-,hrp3-,pfhrp2-/3-
AMAN030976,hrp2+,hrp3-,pfhrp2+/3-
AMAN030984,hrp2-,hrp3-,pfhrp2-/3-
AMAN030992,hrp2-,hrp3-,pfhrp2-/3-
AMAN031000,hrp2-,hrp3-,pfhrp2-/3-
AMAN031008,hrp2-,hrp3-,pfhrp2-/3-
AMAN031016,hrp2-,hrp3-,pfhrp2-/3-
AMJI031333,hrp2+,hrp3+,pfhrp2+/3+
AMJI031341,hrp2-,hrp3-,pfhrp2-/3-
AFWO3426,hrp2+,hrp3+,pfhrp2+/3+
AFWO3434,hrp2+,hrp3+,pfhrp2+/3+
AFWO3442,hrp2+,hrp3+,pfhrp2+/3+
AMHA1706,hrp2+,hrp3-,pfhrp2+/3-
TGSH4238,hrp2-,hrp3-,pfhrp2-/3-
TGSH4245,hrp2+,hrp3-,pfhrp2+/3-
TGSH4253,hrp2-,NA,NA
SILR5502,hrp2+,hrp3-,pfhrp2+/3-
SILR5510,hrp2+,hrp3-,pfhrp2+/3-
SILR5518,hrp2+,hrp3-,pfhrp2+/3-
AMJI031334,hrp2+,hrp3+,pfhrp2+/3+
AMJI031342,hrp2+,hrp3-,pfhrp2+/3-
AFWO3427,hrp2+,hrp3-,pfhrp2+/3-
AFWO3435,hrp2+,hrp3+,pfhrp2+/3+
AFWO3443,hrp2+,hrp3+,pfhrp2+/3+
AMHA1707,hrp2-,hrp3+,pfhrp2-/3+
AMHA485,hrp2+,hrp3+,pfhrp2+/3+
TGSH4246,hrp2+,hrp3-,pfhrp2+/3-
TGSH4254,hrp2+,hrp3-,pfhrp2+/3-
SILR5503,hrp2+,hrp3-,pfhrp2+/3-
SILR5511,hrp2+,hrp3-,pfhrp2+/3-
SILR5519,hrp2+,hrp3-,pfhrp2+/3-
AMJI031335,hrp2+,hrp3-,pfhrp2+/3-
AMJI031343,hrp2+,hrp3+,pfhrp2+/3+
AFWO3428,hrp2+,hrp3-,pfhrp2+/3-
AFWO3436,hrp2+,hrp3+,pfhrp2+/3+
AFWO3444,hrp2+,hrp3+,pfhrp2+/3+
AMHA1708,hrp2-,hrp3+,pfhrp2-/3+
TGSH4239,hrp2-,hrp3-,pfhrp2-/3-
TGSH4247,hrp2-,hrp3-,pfhrp2-/3-
TGSH4255,hrp2-,hrp3+,pfhrp2-/3+
SILR5504,hrp2+,hrp3-,pfhrp2+/3-
SILR5512,NA,NA,NA
SILR5520,hrp2+,hrp3-,pfhrp2+/3-
AMJI031336,hrp2+,hrp3+,pfhrp2+/3+
AMJI031344,hrp2-,hrp3-,pfhrp2-/3-
AFWO3429,hrp2+,hrp3-,pfhrp2+/3-
AFWO3437,NA,NA,NA
AMHA1701,hrp2+,hrp3-,pfhrp2+/3-
AMHA4853,hrp2+,hrp3-,pfhrp2+/3-
TGSH4240,hrp2+,hrp3+,pfhrp2+/3+
TGSH4248,hrp2-,hrp3-,pfhrp2-/3-
TGSH4256,hrp2-,hrp3-,pfhrp2-/3-
SILR5505,hrp2+,hrp3+,pfhrp2+/3+
SILR5513,hrp2+,hrp3-,pfhrp2+/3-
SILR5521,NA,NA,NA
AMJI031337,hrp2+,hrp3-,pfhrp2+/3-
AFWO3422,hrp2+,hrp3+,pfhrp2+/3+
AFWO3430,hrp2+,hrp3-,pfhrp2+/3-
AFWO3438,hrp2+,hrp3-,pfhrp2+/3-
AMHA1702,hrp2-,hrp3-,pfhrp2-/3-
AMHA4854,hrp2-,hrp3-,pfhrp2-/3-
TGSH4241,hrp2+,hrp3+,pfhrp2+/3+
TGSH4249,hrp2-,hrp3+,pfhrp2-/3+
TGSH4257,hrp2-,hrp3-,pfhrp2-/3-
SILR5506,hrp2+,hrp3+,pfhrp2+/3+
SILR5514,hrp2+,hrp3-,pfhrp2+/3-
AMJI031338,hrp2+,hrp3+,pfhrp2+/3+
AFWO3423,hrp2+,hrp3+,pfhrp2+/3+
AFWO3431,hrp2+,hrp3-,pfhrp2+/3-
AFWO3439,hrp2+,hrp3+,pfhrp2+/3+
AMHA1703,hrp2+,hrp3+,pfhrp2+/3+
AMHA4855,hrp2-,hrp3-,pfhrp2-/3-
TGSH4242,hrp2-,hrp3-,pfhrp2-/3-
TGSH4250,hrp2-,hrp3-,pfhrp2-/3-
TGSH4258,hrp2+,hrp3+,pfhrp2+/3+
SILR5507,hrp2+,hrp3-,pfhrp2+/3-
SILR5515,NA,NA,NA
AMJI031339,hrp2+,hrp3+,pfhrp2+/3+
AFWO3424,hrp2+,NA,NA
AFWO3432,hrp2-,hrp3-,pfhrp2-/3-
AFWO3440,hrp2+,hrp3+,pfhrp2+/3+
AMHA1704,hrp2-,hrp3-,pfhrp2-/3-
AMHA4856,hrp2+,hrp3+,pfhrp2+/3+
TGSH4243,hrp2+,hrp3-,pfhrp2+/3-
TGSH4251,hrp2-,hrp3-,pfhrp2-/3-
SILR5500,hrp2+,hrp3-,pfhrp2+/3-
SILR5508,hrp2+,hrp3-,pfhrp2+/3-
SILR5516,hrp2+,hrp3-,pfhrp2+/3-
AMJI031340,hrp2+,NA,NA
AFWO3425,hrp2-,hrp3-,pfhrp2-/3-
AFWO3433,hrp2+,hrp3-,pfhrp2+/3-
AFWO3441,hrp2+,hrp3+,pfhrp2+/3+
AMHA1705,NA,NA,NA
AMHA4857,hrp2+,hrp3-,pfhrp2+/3-
TGSH4244,hrp2+,hrp3-,pfhrp2+/3-
TGSH4252,hrp2+,hrp3+,pfhrp2+/3+
SILR5501,hrp2+,NA,NA
SILR5509,NA,NA,NA
SILR5517,hrp2+,hrp3+,pfhrp2+/3+
DILE6074,hrp2-,hrp3-,pfhrp2-/3-
DILE6084,hrp2+,hrp3-,pfhrp2+/3-
DILE6092,hrp2+,hrp3+,pfhrp2+/3+
DILE6071,hrp2+,hrp3-,pfhrp2+/3-
AMWO031587,hrp2-,hrp3+,pfhrp2-/3+
GAAB2307,hrp2-,NA,NA
SNDI071888,hrp2+,hrp3+,pfhrp2+/3+
SNDI071897,hrp2+,hrp3+,pfhrp2+/3+
SNDI071905,hrp2+,hrp3+,pfhrp2+/3+
TGYE3691,hrp2+,NA,NA
TGYE3699,hrp2+,hrp3-,pfhrp2+/3-
TGYE3707,hrp2+,hrp3-,pfhrp2+/3-
DILE6076,hrp2+,NA,NA
DILE6085,hrp2+,hrp3+,pfhrp2+/3+
DILE6093,hrp2+,hrp3-,pfhrp2+/3-
DILE6072,hrp2+,hrp3-,pfhrp2+/3-
DILE6100,NA,NA,NA
GAAB2308,hrp2+,hrp3+,pfhrp2+/3+
SNDI071889,hrp2+,hrp3+,pfhrp2+/3+
SNDI071898,hrp2+,hrp3-,pfhrp2+/3-
SNDI071906,hrp2+,hrp3+,pfhrp2+/3+
TGYE3692,hrp2+,hrp3-,pfhrp2+/3-
TGYE3700,hrp2+,hrp3+,pfhrp2+/3+
TGYE3708,hrp2+,hrp3-,pfhrp2+/3-
DILE6078,hrp2+,hrp3+,pfhrp2+/3+
DILE6086,hrp2-,hrp3-,pfhrp2-/3-
DILE6094,hrp2+,hrp3+,pfhrp2+/3+
DILE6073,NA,NA,NA
GAAB2301,hrp2+,hrp3+,pfhrp2+/3+
GAAB2309,hrp2+,hrp3+,pfhrp2+/3+
SNDI071891,hrp2+,hrp3+,pfhrp2+/3+
SNDI071899,hrp2+,hrp3+,pfhrp2+/3+
SNDI071907,hrp2+,NA,NA
TGYE3693,hrp2+,hrp3+,pfhrp2+/3+
TGYE3701,hrp2+,NA,NA
TGYE3709,hrp2+,hrp3-,pfhrp2+/3-
DILE6079,hrp2+,hrp3-,pfhrp2+/3-
DILE6087,hrp2+,hrp3-,pfhrp2+/3-
DILE6095,hrp2+,hrp3-,pfhrp2+/3-
AMWO031582,NA,hrp3+,NA
GAAB2302,hrp2+,hrp3+,pfhrp2+/3+
GAAB2310,hrp2+,hrp3+,pfhrp2+/3+
SNDI071892,hrp2+,hrp3+,pfhrp2+/3+
SNDI071900,hrp2+,hrp3+,pfhrp2+/3+
SNDI071908,hrp2+,hrp3+,pfhrp2+/3+
TGYE3694,NA,hrp3+,NA
TGYE3702,hrp2+,hrp3-,pfhrp2+/3-
TGYE3710,NA,NA,NA
DILE6080,NA,NA,NA
DILE6088,NA,NA,NA
DILE6096,hrp2-,hrp3-,pfhrp2-/3-
AMWO031583,hrp2-,NA,NA
GAAB2303,hrp2+,hrp3+,pfhrp2+/3+
GAAB2311,hrp2+,hrp3+,pfhrp2+/3+
SNDI071893,hrp2+,hrp3+,pfhrp2+/3+
SNDI071901,hrp2+,NA,NA
SNDI071909,hrp2+,hrp3+,pfhrp2+/3+
TGYE3695,hrp2+,hrp3+,pfhrp2+/3+
TGYE3703,hrp2+,hrp3-,pfhrp2+/3-
DILE6081,hrp2+,hrp3+,pfhrp2+/3+
DILE6089,hrp2+,hrp3-,pfhrp2+/3-
DILE6097,hrp2+,hrp3-,pfhrp2+/3-
AMWO031584,hrp2-,hrp3-,pfhrp2-/3-
GAAB2304,hrp2+,hrp3+,pfhrp2+/3+
GAAB2312,hrp2+,hrp3+,pfhrp2+/3+
SNDI071894,hrp2+,hrp3+,pfhrp2+/3+
SNDI071902,hrp2+,hrp3+,pfhrp2+/3+
SNDI071910,hrp2+,hrp3-,pfhrp2+/3-
TGYE3696,hrp2+,hrp3-,pfhrp2+/3-
TGYE3704,hrp2+,hrp3-,pfhrp2+/3-
DILE6082,hrp2+,hrp3+,pfhrp2+/3+
DILE6090,hrp2+,hrp3+,pfhrp2+/3+
DILE6098,hrp2-,hrp3+,pfhrp2-/3+
AMWO031585,hrp2-,hrp3+,pfhrp2-/3+
GAAB2305,hrp2+,hrp3+,pfhrp2+/3+
SNDI071886,hrp2+,hrp3+,pfhrp2+/3+
SNDI071895,hrp2+,hrp3+,pfhrp2+/3+
SNDI071903,hrp2+,hrp3-,pfhrp2+/3-
TGYE3689,hrp2+,hrp3-,pfhrp2+/3-
TGYE3697,hrp2+,hrp3-,pfhrp2+/3-
TGYE3705,hrp2+,hrp3-,pfhrp2+/3-
DILE6083,hrp2+,NA,NA
DILE6091,hrp2+,hrp3-,pfhrp2+/3-
DILE6099,hrp2+,hrp3-,pfhrp2+/3-
AMWO031586,NA,hrp3+,NA
GAAB2306,hrp2+,hrp3+,pfhrp2+/3+
SNDI071887,hrp2+,hrp3-,pfhrp2+/3-
SNDI071896,hrp2+,hrp3+,pfhrp2+/3+
SNDI071904,hrp2+,hrp3+,pfhrp2+/3+
TGYE3690,hrp2+,hrp3-,pfhrp2+/3-
TGYE3698,hrp2+,hrp3-,pfhrp2+/3-
TGYE3706,hrp2+,hrp3-,pfhrp2+/3-
